img,#,Name,Type,Total,HP,Attack,Defense,Sp. Atk,Sp. Def,Speed
images/bulbasaur.jpg,1,Bulbasaur,"Grass,Poison",318,45,49,49,65,65,45
images/ivysaur.jpg,2,Ivysaur,"Grass,Poison",405,60,62,63,80,80,60
images/venusaur.jpg,3,Venusaur,"Grass,Poison",525,80,82,83,100,100,80
images/venusaur-mega.jpg,3,Mega Venusaur,"Grass,Poison",625,80,100,123,122,120,80
images/charmander.jpg,4,Charmander,Fire,309,39,52,43,60,50,65
images/charmeleon.jpg,5,Charmeleon,Fire,405,58,64,58,80,65,80
images/charizard.jpg,6,Charizard,"Fire,Flying",534,78,84,78,109,85,100
images/charizard-mega-x.jpg,6,Mega Charizard X ,"Fire,Dragon",634,78,130,111,130,85,100
images/charizard-mega-y.jpg,6,Mega Charizard Y ,"Fire,Flying",634,78,104,78,159,115,100
images/squirtle.jpg,7,Squirtle,Water,314,44,48,65,50,64,43
images/wartortle.jpg,8,Wartortle,Water,405,59,63,80,65,80,58
images/blastoise.jpg,9,Blastoise,Water,530,79,83,100,85,105,78
images/blastoise-mega.jpg,9,Mega Blastoise ,Water,630,79,103,120,135,115,78
images/caterpie.jpg,10,Caterpie,Bug,195,45,30,35,20,20,45
images/metapod.jpg,11,Metapod,Bug,205,50,20,55,25,25,30
images/butterfree.jpg,12,Butterfree,"Bug,Flying",395,60,45,50,90,80,70
images/weedle.jpg,13,Weedle,"Bug,Poison",195,40,35,30,20,20,50
images/kakuna.jpg,14,Kakuna,"Bug,Poison",205,45,25,50,25,25,35
images/beedrill.jpg,15,Beedrill,"Bug,Poison",395,65,90,40,45,80,75
images/beedrill-mega.jpg,15,Mega Beedrill,"Bug,Poison",495,65,150,40,15,80,145
images/pidgey.jpg,16,Pidgey,"Normal,Flying",251,40,45,40,35,35,56
images/pidgeotto.jpg,17,Pidgeotto,"Normal,Flying",349,63,60,55,50,50,71
images/pidgeot.jpg,18,Pidgeot,"Normal,Flying",479,83,80,75,70,70,101
images/pidgeot-mega.jpg,18,Mega Pidgeot,"Normal,Flying",579,83,80,80,135,80,121
images/rattata.jpg,19,Rattata,Normal,253,30,56,35,25,35,72
images/rattata-alolan.jpg,19,Rattata Alolan,"Dark,Normal",253,30,56,35,25,35,72
images/raticate.jpg,20,Raticate,Normal,413,55,81,60,50,70,97
images/raticate-alolan.jpg,20,Raticate Alolan,"Dark,Normal",413,75,71,70,40,80,77
images/spearow.jpg,21,Spearow,"Normal,Flying",262,40,60,30,31,31,70
images/fearow.jpg,22,Fearow,"Normal,Flying",442,65,90,65,61,61,100
images/ekans.jpg,23,Ekans,Poison,288,35,60,44,40,54,55
images/arbok.jpg,24,Arbok,Poison,448,60,95,69,65,79,80
images/pikachu.jpg,25,Pikachu,Electric,320,35,55,40,50,50,90
images/pikachu-lets-go.jpg,25,Pikachu Partner,Electric,430,45,80,50,75,60,120
images/raichu.jpg,26,Raichu,Electric,485,60,90,55,90,80,110
images/raichu-alolan.jpg,26,Raichu Alolan,"Electric,Psychic",485,60,85,50,95,85,110
images/sandshrew.jpg,27,Sandshrew,Ground,300,50,75,85,20,30,40
images/sandshrew-alolan.jpg,27,Sandshrew Alolan,"Ice,Steel",300,50,75,90,10,35,40
images/sandslash.jpg,28,Sandslash,Ground,450,75,100,110,45,55,65
images/sandslash-alolan.jpg,28,Sandslash Alolan,"Ice,Steel",450,75,100,120,25,65,65
images/nidoran-f.jpg,29,Nidoran (male),Poison,275,55,47,52,40,40,41
images/nidorina.jpg,30,Nidorina,Poison,365,70,62,67,55,55,56
images/nidoqueen.jpg,31,Nidoqueen,"Poison,Ground",505,90,92,87,75,85,76
images/nidoran-m.jpg,32,Nidoran (female),Poison,273,46,57,40,40,40,50
images/nidorino.jpg,33,Nidorino,Poison,365,61,72,57,55,55,65
images/nidoking.jpg,34,Nidoking,"Poison,Ground",505,81,102,77,85,75,85
images/clefairy.jpg,35,Clefairy,Fairy,323,70,45,48,60,65,35
images/clefable.jpg,36,Clefable,Fairy,483,95,70,73,95,90,60
images/vulpix.jpg,37,Vulpix,Fire,299,38,41,40,50,65,65
images/vulpix-alolan.jpg,37,Vulpix Alolan,Ice,299,38,41,40,50,65,65
images/ninetales.jpg,38,Ninetales,Fire,505,73,76,75,81,100,100
images/ninetales-alolan.jpg,38,Ninetales Alolan,"Ice,Fairy",505,73,67,75,81,100,109
images/jigglypuff.jpg,39,Jigglypuff,"Normal,Fairy",270,115,45,20,45,25,20
images/wigglytuff.jpg,40,Wigglytuff,"Normal,Fairy",435,140,70,45,85,50,45
images/zubat.jpg,41,Zubat,"Poison,Flying",245,40,45,35,30,40,55
images/golbat.jpg,42,Golbat,"Poison,Flying",455,75,80,70,65,75,90
images/oddish.jpg,43,Oddish,"Grass,Poison",320,45,50,55,75,65,30
images/gloom.jpg,44,Gloom,"Grass,Poison",395,60,65,70,85,75,40
images/vileplume.jpg,45,Vileplume,"Grass,Poison",490,75,80,85,110,90,50
images/paras.jpg,46,Paras,"Bug,Grass",285,35,70,55,45,55,25
images/parasect.jpg,47,Parasect,"Bug,Grass",405,60,95,80,60,80,30
images/venonat.jpg,48,Venonat,"Bug,Poison",305,60,55,50,40,55,45
images/venomoth.jpg,49,Venomoth,"Bug,Poison",450,70,65,60,90,75,90
images/diglett.jpg,50,Diglett,Ground,265,10,55,25,35,45,95
images/diglett-alolan.jpg,50,Diglett Alolan,"Ground,Steel",265,10,55,30,35,45,90
images/dugtrio.jpg,51,Dugtrio,Ground,425,35,100,50,50,70,120
images/dugtrio-alolan.jpg,51,Dugtrio Alolan,"Ground,Steel",425,35,100,60,50,70,110
images/meowth.jpg,52,Meowth,Normal,290,40,45,35,40,40,90
images/meowth-alolan.jpg,52,Meowth Alolan,Dark,290,40,35,35,50,40,90
images/meowth-galarian.jpg,52,Meowth Galarian,Steel,290,50,65,55,40,40,40
images/persian.jpg,53,Persian,Normal,440,65,70,60,65,65,115
images/persian-alolan.jpg,53,Persian Alolan,Dark,440,65,60,60,75,65,115
images/psyduck.jpg,54,Psyduck,Water,320,50,52,48,65,50,55
images/golduck.jpg,55,Golduck,Water,500,80,82,78,95,80,85
images/mankey.jpg,56,Mankey,Fighting,305,40,80,35,35,45,70
images/primeape.jpg,57,Primeape,Fighting,455,65,105,60,60,70,95
images/growlithe.jpg,58,Growlithe,Fire,350,55,70,45,70,50,60
images/growlithe-hisuian.jpg,58,Growlithe Hisuian,"Fire,Rock",350,60,75,45,65,50,55
images/arcanine.jpg,59,Arcanine,Fire,555,90,110,80,100,80,95
images/arcanine-hisuian.jpg,59,Arcanine Hisuian,"Fire,Rock",555,95,115,80,95,80,90
images/poliwag.jpg,60,Poliwag,Water,300,40,50,40,40,40,90
images/poliwhirl.jpg,61,Poliwhirl,Water,385,65,65,65,50,50,90
images/poliwrath.jpg,62,Poliwrath,"Water,Fighting",510,90,95,95,70,90,70
images/abra.jpg,63,Abra,Psychic,310,25,20,15,105,55,90
images/kadabra.jpg,64,Kadabra,Psychic,400,40,35,30,120,70,105
images/alakazam.jpg,65,Alakazam,Psychic,500,55,50,45,135,95,120
images/alakazam-mega.jpg,65,Alakazam Mega,Psychic,600,55,50,65,175,105,150
images/machop.jpg,66,Machop,Fighting,305,70,80,50,35,35,35
images/machoke.jpg,67,Machoke,Fighting,405,80,100,70,50,60,45
images/machamp.jpg,68,Machamp,Fighting,505,90,130,80,65,85,55
images/bellsprout.jpg,69,Bellsprout,"Grass,Poison",300,50,75,35,70,30,40
images/weepinbell.jpg,70,Weepinbell,"Grass,Poison",390,65,90,50,85,45,55
images/victreebel.jpg,71,Victreebel,"Grass,Poison",490,80,105,65,100,70,70
images/tentacool.jpg,72,Tentacool,"Water,Poison",335,40,40,35,50,100,70
images/tentacruel.jpg,73,Tentacruel,"Water,Poison",515,80,70,65,80,120,100
images/geodude.jpg,74,Geodude,"Rock,Ground",300,40,80,100,30,30,20
images/geodude-alolan.jpg,74,Geodude Alolan,Electric,300,40,80,100,30,30,20
images/graveler.jpg,75,Graveler,"Rock,Ground",390,55,95,115,45,45,35
images/graveler-alolan.jpg,75,Graveler Alolan,Electric,390,55,95,115,45,45,35
images/golem.jpg,76,Golem,"Rock,Ground",495,80,120,130,55,65,45
images/golem-alolan.jpg,76,Golem Alolan,Electric,495,80,120,130,55,65,45
images/ponyta.jpg,77,Ponyta,Fire,410,50,85,55,65,65,90
images/ponyta-galarian.jpg,77,Ponyta Galarian,Psychic,410,50,85,55,65,65,90
images/rapidash.jpg,78,Rapidash,Fire,500,65,100,70,80,80,105
images/rapidash-galarian.jpg,78,Rapidash Galarian,"Psychic,Fairy",500,65,100,70,80,80,105
images/slowpoke.jpg,79,Slowpoke,"Water,Psychic",315,90,65,65,40,40,15
images/slowpoke-galarian.jpg,79,Slowpoke Galarian,Psychic,315,90,65,65,40,40,15
images/slowbro.jpg,80,Slowbro,"Water,Psychic",490,95,75,110,100,80,30
images/slowbro-mega.jpg,80,Slowbro Mega,"Water,Psychic",590,95,75,180,130,80,30
images/slowbro-galarian.jpg,80,Slowbro Galarian,"Poison,Psychic",490,95,100,95,100,70,30
images/magnemite.jpg,81,Magnemite,"Electric,Steel",325,25,35,70,95,55,45
images/magneton.jpg,82,Magneton,"Electric,Steel",465,50,60,95,120,70,70
images/farfetchd.jpg,83,Farfetch'd,"Normal,Flying",377,52,90,55,58,62,60
images/farfetchd-galarian.jpg,83,Galarian Farfetch'd,Fighting,377,52,95,55,58,62,55
images/doduo.jpg,84,Doduo,"Normal,Flying",310,35,85,45,35,35,75
images/dodrio.jpg,85,Dodrio,"Normal,Flying",470,60,110,70,60,60,110
images/seel.jpg,86,Seel,Water,325,65,45,55,45,70,45
images/dewgong.jpg,87,Dewgong,"Water,Ice",475,90,70,80,70,95,70
images/grimer.jpg,88,Grimer,Poison,325,80,80,50,40,50,25
images/grimer-alolan.jpg,88,Grimer Alolan,"Poison,Dark",325,80,80,50,40,50,25
images/muk.jpg,89,Muk,Poison,500,105,105,75,65,100,50
images/muk-alolan.jpg,89,Muk Alolan,"Poison,Dark",500,105,105,75,65,100,50
images/shellder.jpg,90,Shellder,Water,305,30,65,100,45,25,40
images/cloyster.jpg,91,Cloyster,"Water,Ice",525,50,95,180,85,45,70
images/gastly.jpg,92,Gastly,"Ghost,Poison",310,30,35,30,100,35,80
images/haunter.jpg,93,Haunter,"Ghost,Poison",405,45,50,45,115,55,95
images/gengar.jpg,94,Gengar,"Ghost,Poison",500,60,65,60,130,75,110
images/gengar-mega.jpg,94,Gengar Mega,"Ghost,Poison",600,60,65,80,170,95,130
images/onix.jpg,95,Onix,"Rock,Ground",385,35,45,160,30,45,70
images/drowzee.jpg,96,Drowzee,Psychic,328,60,48,45,43,90,42
images/hypno.jpg,97,Hypno,Psychic,483,85,73,70,73,115,67
images/krabby.jpg,98,Krabby,Water,325,30,105,90,25,25,50
images/kingler.jpg,99,Kingler,Water,475,55,130,115,50,50,75
images/voltorb.jpg,100,Voltorb,Electric,330,40,30,50,55,55,100
images/voltorb-hisuian.jpg,100,Voltorb Hisuian,"Electric,Grass",330,40,30,50,55,55,100
images/electrode.jpg,101,Electrode,Electric,490,60,50,70,80,80,150
images/electrode-hisuian.jpg,101,Electrode Hisuian,"Electric,Grass",490,60,50,70,80,80,150
images/exeggcute.jpg,102,Exeggcute,"Grass,Psychic",325,60,40,80,60,45,40
images/exeggutor.jpg,103,Exeggutor,"Grass,Psychic",530,95,95,85,125,75,55
images/exeggutor-alolan.jpg,103,Exeggutor Alolan,"Grass,Dragon",530,95,105,85,125,75,45
images/cubone.jpg,104,Cubone,Ground,320,50,50,95,40,50,35
images/marowak.jpg,105,Marowak,Ground,425,60,80,110,50,80,45
images/marowak-alolan.jpg,105,Marowak Alolan,"Fire,Ghost",425,60,80,110,50,80,45
images/hitmonlee.jpg,106,Hitmonlee,Fighting,455,50,120,53,35,110,87
images/hitmonchan.jpg,107,Hitmonchan,Fighting,455,50,105,79,35,110,76
images/lickitung.jpg,108,Lickitung,Normal,385,90,55,75,60,75,30
images/koffing.jpg,109,Koffing,Poison,340,40,65,95,60,45,35
images/weezing.jpg,110,Weezing,Poison,490,65,90,120,85,70,60
images/weezing-galarian.jpg,110,Weezing Galarian,"Poison,Fairy",490,65,90,120,85,70,60
images/rhyhorn.jpg,111,Rhyhorn,"Ground,Rock",345,80,85,95,30,30,25
images/rhydon.jpg,112,Rhydon,"Ground,Rock",485,105,130,120,45,45,40
images/chansey.jpg,113,Chansey,Normal,450,250,5,5,35,105,50
images/tangela.jpg,114,Tangela,Grass,435,65,55,115,100,40,60
images/kangaskhan.jpg,115,Kangaskhan,Normal,490,105,95,80,40,80,90
images/kangaskhan-mega.jpg,115,Kangaskhan Mega,Normal,590,105,125,100,60,100,100
images/horsea.jpg,116,Horsea,Water,295,30,40,70,70,25,60
images/seadra.jpg,117,Seadra,Water,440,55,65,95,95,45,85
images/goldeen.jpg,118,Goldeen,Water,320,45,67,60,35,50,63
images/seaking.jpg,119,Seaking,Water,450,80,92,65,65,80,68
images/staryu.jpg,120,Staryu,Water,340,30,45,55,70,55,85
images/starmie.jpg,121,Starmie,"Water,Psychic",520,60,75,85,100,85,115
images/mr-mime.jpg,122,Mr. Mime,"Psychic,Fairy",460,40,45,65,100,120,90
images/mr-mime-galarian.jpg,122,Mr. Mime Galarian,"Ice,Psychic",460,50,65,65,90,90,100
images/scyther.jpg,123,Scyther,"Bug,Flying",500,70,110,80,55,80,105
images/jynx.jpg,124,Jynx,"Ice,Psychic",455,65,50,35,115,95,95
images/electabuzz.jpg,125,Electabuzz,Electric,490,65,83,57,95,85,105
images/magmar.jpg,126,Magmar,Fire,495,65,95,57,100,85,93
images/pinsir.jpg,127,Pinsir,Bug,500,65,125,100,55,70,85
images/pinsir-mega.jpg,127,Pinsir Mega,"Bug,Flying",600,65,155,120,65,90,105
images/tauros.jpg,128,Tauros,Normal,490,75,100,95,40,70,110
images/tauros-paldean.jpg,128,Tauros Combat Breed,Fighting,490,75,110,105,30,70,100
images/tauros-blaze.jpg,128,Tauros Blaze Breed,"Fighting,Fire",490,75,110,105,30,70,100
images/tauros-aqua.jpg,128,Tauros Aqua Breed,"Fighting,Water",490,75,110,105,30,70,100
images/magikarp.jpg,129,Magikarp,Water,200,20,10,55,15,20,80
images/gyarados.jpg,130,Gyarados,"Water,Flying",540,95,125,79,60,100,81
images/gyarados-mega.jpg,130,Gyarados Mega,"Water,Dark",640,95,155,109,70,130,81
images/lapras.jpg,131,Lapras,"Water,Ice",535,130,85,80,85,95,60
images/ditto.jpg,132,Ditto,Normal,288,48,48,48,48,48,48
images/eevee.jpg,133,Eevee,Normal,325,55,55,50,45,65,55
images/eevee-lets-go.jpg,133,Eevee Partner,Normal,435,65,75,70,65,85,75
images/vaporeon.jpg,134,Vaporeon,Water,525,130,65,60,110,95,65
images/jolteon.jpg,135,Jolteon,Electric,525,65,65,60,110,95,130
images/flareon.jpg,136,Flareon,Fire,525,65,130,60,95,110,65
images/porygon.jpg,137,Porygon,Normal,395,65,60,70,85,75,40
images/omanyte.jpg,138,Omanyte,"Rock,Water",355,35,40,100,90,55,35
images/omastar.jpg,139,Omastar,"Rock,Water",495,70,60,125,115,70,55
images/kabuto.jpg,140,Kabuto,"Rock,Water",355,30,80,90,55,45,55
images/kabutops.jpg,141,Kabutops,"Rock,Water",495,60,115,105,65,70,80
images/aerodactyl.jpg,142,Aerodactyl,"Rock,Flying",515,80,105,65,60,75,130
images/aerodactyl-mega.jpg,142,Aerodactyl Mega,"Rock,Flying",615,80,135,85,70,95,150
images/snorlax.jpg,143,Snorlax,Normal,540,160,110,65,65,110,30
images/articuno.jpg,144,Articuno,"Ice,Flying",580,90,85,100,95,125,85
images/articuno-galarian.jpg,144,Articuno Galarian,"Psychic,Flying",580,90,85,85,125,100,95
images/zapdos.jpg,145,Zapdos,"Electric,Flying",580,90,90,85,125,90,100
images/zapdos-galarian.jpg,145,Zapdos Galarian,"Fighting,Flying",580,90,125,90,85,90,100
images/moltres.jpg,146,Moltres,"Fire,Flying",580,90,100,90,125,85,90
images/moltres-galarian.jpg,146,Moltres Galarian,"Dark,Flying",580,90,85,90,100,125,90
images/dratini.jpg,147,Dratini,Dragon,300,41,64,45,50,50,50
images/dragonair.jpg,148,Dragonair,Dragon,420,61,84,65,70,70,70
images/dragonite.jpg,149,Dragonite,"Dragon,Flying",600,91,134,95,100,100,80
images/mewtwo.jpg,150,Mewtwo,Psychic,680,106,110,90,154,90,130
images/mewtwo-mega-x.jpg,150,Mewtwo Mega X,"Psychic,Fighting",780,106,190,100,154,100,130
images/mewtwo-mega-y.jpg,150,Mewtwo Mega Y,Psychic,780,106,150,70,194,120,140
images/mew.jpg,151,Mew,Psychic,600,100,100,100,100,100,100
images/chikorita.jpg,152,Chikorita,Grass,318,45,49,65,49,65,45
images/bayleef.jpg,153,Bayleef,Grass,405,60,62,80,63,80,60
images/meganium.jpg,154,Meganium,Grass,525,80,82,100,83,100,80
images/cyndaquil.jpg,155,Cyndaquil,Fire,309,39,52,43,60,50,65
images/quilava.jpg,156,Quilava,Fire,405,58,64,58,80,65,80
images/typhlosion.jpg,157,Typhlosion,Fire,534,78,84,78,109,85,100
images/typhlosion-hisuian.jpg,157,Typhlosion Hisuian,"Fire,Ghost",534,73,84,78,119,85,95
images/totodile.jpg,158,Totodile,Water,314,50,65,64,44,48,43
images/croconaw.jpg,159,Croconaw,Water,405,65,80,80,59,63,58
images/feraligatr.jpg,160,Feraligatr,Water,530,85,105,100,79,83,78
images/sentret.jpg,161,Sentret,Normal,215,35,46,34,35,45,20
images/furret.jpg,162,Furret,Normal,415,85,76,64,45,55,90
images/hoothoot.jpg,163,Hoothoot,"Normal,Flying",262,60,30,30,36,56,50
images/noctowl.jpg,164,Noctowl,"Normal,Flying",452,100,50,50,86,96,70
images/ledyba.jpg,165,Ledyba,"Bug,Flying",265,40,20,30,40,80,55
images/ledian.jpg,166,Ledian,"Bug,Flying",390,55,35,50,55,110,85
images/spinarak.jpg,167,Spinarak,"Bug,Poison",250,40,60,40,40,40,30
images/ariados.jpg,168,Ariados,"Bug,Poison",400,70,90,70,60,70,40
images/crobat.jpg,169,Crobat,"Poison,Flying",535,85,90,80,70,80,130
images/chinchou.jpg,170,Chinchou,"Water,Electric",330,75,38,38,56,56,67
images/lanturn.jpg,171,Lanturn,"Water,Electric",460,125,58,58,76,76,67
images/pichu.jpg,172,Pichu,Electric,205,20,40,15,35,35,60
images/cleffa.jpg,173,Cleffa,Fairy,218,50,25,28,45,55,15
images/igglybuff.jpg,174,Igglybuff,"Normal,Fairy",210,90,30,15,40,20,15
images/togepi.jpg,175,Togepi,Fairy,245,35,20,65,40,65,20
images/togetic.jpg,176,Togetic,"Fairy,Flying",405,55,40,85,80,105,40
images/natu.jpg,177,Natu,"Psychic,Flying",320,40,50,45,70,45,70
images/xatu.jpg,178,Xatu,"Psychic,Flying",470,65,75,70,95,70,95
images/mareep.jpg,179,Mareep,Electric,280,55,40,40,65,45,35
images/flaaffy.jpg,180,Flaaffy,Electric,365,70,55,55,80,60,45
images/ampharos.jpg,181,Ampharos,Electric,510,90,75,85,115,90,55
images/ampharos-mega.jpg,181,Ampharos Mega,"Electric,Dragon",610,90,95,105,165,110,45
images/bellossom.jpg,182,Bellossom,Grass,490,75,80,95,90,100,50
images/marill.jpg,183,Marill,"Water,Fairy",250,70,20,50,20,50,40
images/azumarill.jpg,184,Azumarill,"Water,Fairy",420,100,50,80,60,80,50
images/sudowoodo.jpg,185,Sudowoodo,Rock,410,70,100,115,30,65,30
images/politoed.jpg,186,Politoed,Water,500,90,75,75,90,100,70
images/hoppip.jpg,187,Hoppip,"Grass,Flying",250,35,35,40,35,55,50
images/skiploom.jpg,188,Skiploom,"Grass,Flying",340,55,45,50,45,65,80
images/jumpluff.jpg,189,Jumpluff,"Grass,Flying",460,75,55,70,55,95,110
images/aipom.jpg,190,Aipom,Normal,360,55,70,55,40,55,85
images/sunkern.jpg,191,Sunkern,Grass,180,30,30,30,30,30,30
images/sunflora.jpg,192,Sunflora,Grass,425,75,75,55,105,85,30
images/yanma.jpg,193,Yanma,"Bug,Flying",390,65,65,45,75,45,95
images/wooper.jpg,194,Wooper,"Water,Ground",210,55,45,45,25,25,15
images/wooper-paldean.jpg,194,Wooper Paldean,"Poison,Ground",210,55,45,45,25,25,15
images/quagsire.jpg,195,Quagsire,"Water,Ground",430,95,85,85,65,65,35
images/espeon.jpg,196,Espeon,Psychic,525,65,65,60,130,95,110
images/umbreon.jpg,197,Umbreon,Dark,525,95,65,110,60,130,65
images/murkrow.jpg,198,Murkrow,"Dark,Flying",405,60,85,42,85,42,91
images/slowking.jpg,199,Slowking,"Water,Psychic",490,95,75,80,100,110,30
images/slowking-galarian.jpg,199,Slowking Galarian,"Poison,Psychic",490,95,65,80,110,110,30
images/misdreavus.jpg,200,Misdreavus,Ghost,435,60,60,60,85,85,85
images/unown.jpg,201,Unown,Psychic,336,48,72,48,72,48,48
images/wobbuffet.jpg,202,Wobbuffet,Psychic,405,190,33,58,33,58,33
images/girafarig.jpg,203,Girafarig,"Normal,Psychic",455,70,80,65,90,65,85
images/pineco.jpg,204,Pineco,Bug,290,50,65,90,35,35,15
images/forretress.jpg,205,Forretress,"Bug,Steel",465,75,90,140,60,60,40
images/dunsparce.jpg,206,Dunsparce,Normal,415,100,70,70,65,65,45
images/gligar.jpg,207,Gligar,"Ground,Flying",430,65,75,105,35,65,85
images/steelix.jpg,208,Steelix,"Steel,Ground",510,75,85,200,55,65,30
images/steelix-mega.jpg,208,Steelix Mega,"Steel,Ground",610,75,125,230,55,95,30
images/snubbull.jpg,209,Snubbull,Fairy,300,60,80,50,40,40,30
images/granbull.jpg,210,Granbull,Fairy,450,90,120,75,60,60,45
images/qwilfish.jpg,211,Qwilfish,"Water,Poison",440,65,95,85,55,55,85
images/qwilfish-hisuian.jpg,211,Qwilfish Hisuian,"Dark,Poison",440,65,95,85,55,55,85
images/scizor.jpg,212,Scizor,"Bug,Steel",500,70,130,100,55,80,65
images/scizor-mega.jpg,212,Scizor Mega,"Bug,Steel",600,70,150,140,65,100,75
images/shuckle.jpg,213,Shuckle,"Bug,Rock",505,20,10,230,10,230,5
images/heracross.jpg,214,Heracross,"Bug,Fighting",500,80,125,75,40,95,85
images/heracross-mega.jpg,214,Heracross Mega,"Bug,Fighting",600,80,185,115,40,105,75
images/sneasel.jpg,215,Sneasel,"Dark,Ice",430,55,95,55,35,75,115
images/sneasel-hisuian.jpg,215,Sneasel Hisuian,"Fighting,Poison",430,55,95,55,35,75,115
images/teddiursa.jpg,216,Teddiursa,Normal,330,60,80,50,50,50,40
images/ursaring.jpg,217,Ursaring,Normal,500,90,130,75,75,75,55
images/slugma.jpg,218,Slugma,Fire,250,40,40,40,70,40,20
images/magcargo.jpg,219,Magcargo,"Fire,Rock",430,60,50,120,90,80,30
images/swinub.jpg,220,Swinub,"Ice,Ground",250,50,50,40,30,30,50
images/piloswine.jpg,221,Piloswine,"Ice,Ground",450,100,100,80,60,60,50
images/corsola.jpg,222,Corsola,"Water,Rock",410,65,55,95,65,95,35
images/corsola-galarian.jpg,222,Corsola Galarian,Ghost,410,60,55,100,65,100,30
images/remoraid.jpg,223,Remoraid,Water,300,35,65,35,65,35,65
images/octillery.jpg,224,Octillery,Water,480,75,105,75,105,75,45
images/delibird.jpg,225,Delibird,"Ice,Flying",330,45,55,45,65,45,75
images/mantine.jpg,226,Mantine,"Water,Flying",485,85,40,70,80,140,70
images/skarmory.jpg,227,Skarmory,"Steel,Flying",465,65,80,140,40,70,70
images/houndour.jpg,228,Houndour,"Dark,Fire",330,45,60,30,80,50,65
images/houndoom.jpg,229,Houndoom,"Dark,Fire",500,75,90,50,110,80,95
images/houndoom-mega.jpg,229,Houndoom Mega,"Dark,Fire",600,75,90,90,140,90,115
images/kingdra.jpg,230,Kingdra,"Water,Dragon",540,75,95,95,95,95,85
images/phanpy.jpg,231,Phanpy,Ground,330,90,60,60,40,40,40
images/donphan.jpg,232,Donphan,Ground,500,90,120,120,60,60,50
images/porygon2.jpg,233,Porygon22,Normal,515,85,80,90,105,95,60
images/stantler.jpg,234,Stantler,Normal,465,73,95,62,85,65,85
images/smeargle.jpg,235,Smeargle,Normal,250,55,20,35,20,45,75
images/tyrogue.jpg,236,Tyrogue,Fighting,210,35,35,35,35,35,35
images/hitmontop.jpg,237,Hitmontop,Fighting,455,50,95,95,35,110,70
images/smoochum.jpg,238,Smoochum,"Ice,Psychic",305,45,30,15,85,65,65
images/elekid.jpg,239,Elekid,Electric,360,45,63,37,65,55,95
images/magby.jpg,240,Magby,Fire,365,45,75,37,70,55,83
images/miltank.jpg,241,Miltank,Normal,490,95,80,105,40,70,100
images/blissey.jpg,242,Blissey,Normal,540,255,10,10,75,135,55
images/raikou.jpg,243,Raikou,Electric,580,90,85,75,115,100,115
images/entei.jpg,244,Entei,Fire,580,115,115,85,90,75,100
images/suicune.jpg,245,Suicune,Water,580,100,75,115,90,115,85
images/larvitar.jpg,246,Larvitar,"Rock,Ground",300,50,64,50,45,50,41
images/pupitar.jpg,247,Pupitar,"Rock,Ground",410,70,84,70,65,70,51
images/tyranitar.jpg,248,Tyranitar,"Rock,Dark",600,100,134,110,95,100,61
images/tyranitar-mega.jpg,248,Tyranitar Mega,"Rock,Dark",700,100,164,150,95,120,71
images/lugia.jpg,249,Lugia,"Psychic,Flying",680,106,90,130,90,154,110
images/ho-oh.jpg,250,Ho-oh-oh,"Fire,Flying",680,106,130,90,110,154,90
images/celebi.jpg,251,Celebi,"Psychic,Grass",600,100,100,100,100,100,100
images/treecko.jpg,252,Treecko,Grass,310,40,45,35,65,55,70
images/grovyle.jpg,253,Grovyle,Grass,405,50,65,45,85,65,95
images/sceptile.jpg,254,Sceptile,Grass,530,70,85,65,105,85,120
images/sceptile-mega.jpg,254,Sceptile Mega,"Grass,Dragon",630,70,110,75,145,85,145
images/torchic.jpg,255,Torchic,Fire,310,45,60,40,70,50,45
images/combusken.jpg,256,Combusken,"Fire,Fighting",405,60,85,60,85,60,55
images/blaziken.jpg,257,Blaziken,"Fire,Fighting",530,80,120,70,110,70,80
images/blaziken-mega.jpg,257,Blaziken Mega,"Fire,Fighting",630,80,160,80,130,80,100
images/mudkip.jpg,258,Mudkip,Water,310,50,70,50,50,50,40
images/marshtomp.jpg,259,Marshtomp,"Water,Ground",405,70,85,70,60,70,50
images/swampert.jpg,260,Swampert,"Water,Ground",535,100,110,90,85,90,60
images/swampert-mega.jpg,260,Swampert Mega,"Water,Ground",635,100,150,110,95,110,70
images/poochyena.jpg,261,Poochyena,Dark,220,35,55,35,30,30,35
images/mightyena.jpg,262,Mightyena,Dark,420,70,90,70,60,60,70
images/zigzagoon.jpg,263,Zigzagoon,Normal,240,38,30,41,30,41,60
images/zigzagoon-galarian.jpg,263,Zigzagoon Galarian,"Dark,Normal",240,38,30,41,30,41,60
images/linoone.jpg,264,Linoone,Normal,420,78,70,61,50,61,100
images/linoone-galarian.jpg,264,Linoone Galarian,"Dark,Normal",420,78,70,61,50,61,100
images/wurmple.jpg,265,Wurmple,Bug,195,45,45,35,20,30,20
images/silcoon.jpg,266,Silcoon,Bug,205,50,35,55,25,25,15
images/beautifly.jpg,267,Beautifly,"Bug,Flying",395,60,70,50,100,50,65
images/cascoon.jpg,268,Cascoon,Bug,205,50,35,55,25,25,15
images/dustox.jpg,269,Dustox,"Bug,Poison",385,60,50,70,50,90,65
images/lotad.jpg,270,Lotad,"Water,Grass",220,40,30,30,40,50,30
images/lombre.jpg,271,Lombre,"Water,Grass",340,60,50,50,60,70,50
images/ludicolo.jpg,272,Ludicolo,"Water,Grass",480,80,70,70,90,100,70
images/seedot.jpg,273,Seedot,Grass,220,40,40,50,30,30,30
images/nuzleaf.jpg,274,Nuzleaf,"Grass,Dark",340,70,70,40,60,40,60
images/shiftry.jpg,275,Shiftry,"Grass,Dark",480,90,100,60,90,60,80
images/taillow.jpg,276,Taillow,"Normal,Flying",270,40,55,30,30,30,85
images/swellow.jpg,277,Swellow,"Normal,Flying",455,60,85,60,75,50,125
images/wingull.jpg,278,Wingull,"Water,Flying",270,40,30,30,55,30,85
images/pelipper.jpg,279,Pelipper,"Water,Flying",440,60,50,100,95,70,65
images/ralts.jpg,280,Ralts,"Psychic,Fairy",198,28,25,25,45,35,40
images/kirlia.jpg,281,Kirlia,"Psychic,Fairy",278,38,35,35,65,55,50
images/gardevoir.jpg,282,Gardevoir,"Psychic,Fairy",518,68,65,65,125,115,80
images/gardevoir-mega.jpg,282,Gardevoir Mega,"Psychic,Fairy",618,68,85,65,165,135,100
images/surskit.jpg,283,Surskit,"Bug,Water",269,40,30,32,50,52,65
images/masquerain.jpg,284,Masquerain,"Bug,Flying",454,70,60,62,100,82,80
images/shroomish.jpg,285,Shroomish,Grass,295,60,40,60,40,60,35
images/breloom.jpg,286,Breloom,"Grass,Fighting",460,60,130,80,60,60,70
images/slakoth.jpg,287,Slakoth,Normal,280,60,60,60,35,35,30
images/vigoroth.jpg,288,Vigoroth,Normal,440,80,80,80,55,55,90
images/slaking.jpg,289,Slaking,Normal,670,150,160,100,95,65,100
images/nincada.jpg,290,Nincada,"Bug,Ground",266,31,45,90,30,30,40
images/ninjask.jpg,291,Ninjask,"Bug,Flying",456,61,90,45,50,50,160
images/shedinja.jpg,292,Shedinja,"Bug,Ghost",236,1,90,45,30,30,40
images/whismur.jpg,293,Whismur,Normal,240,64,51,23,51,23,28
images/loudred.jpg,294,Loudred,Normal,360,84,71,43,71,43,48
images/exploud.jpg,295,Exploud,Normal,490,104,91,63,91,73,68
images/makuhita.jpg,296,Makuhita,Fighting,237,72,60,30,20,30,25
images/hariyama.jpg,297,Hariyama,Fighting,474,144,120,60,40,60,50
images/azurill.jpg,298,Azurill,"Normal,Fairy",190,50,20,40,20,40,20
images/nosepass.jpg,299,Nosepass,Rock,375,30,45,135,45,90,30
images/skitty.jpg,300,Skitty,Normal,260,50,45,45,35,35,50
images/delcatty.jpg,301,Delcatty,Normal,400,70,65,65,55,55,90
images/sableye.jpg,302,Sableye,"Dark,Ghost",380,50,75,75,65,65,50
images/sableye-mega.jpg,302,Sableye Mega,"Dark,Ghost",480,50,85,125,85,115,20
images/mawile.jpg,303,Mawile,"Steel,Fairy",380,50,85,85,55,55,50
images/mawile-mega.jpg,303,Mawile Mega,"Steel,Fairy",480,50,105,125,55,95,50
images/aron.jpg,304,Aron,"Steel,Rock",330,50,70,100,40,40,30
images/lairon.jpg,305,Lairon,"Steel,Rock",430,60,90,140,50,50,40
images/aggron.jpg,306,Aggron,"Steel,Rock",530,70,110,180,60,60,50
images/aggron-mega.jpg,306,Aggron Mega,Steel,630,70,140,230,60,80,50
images/meditite.jpg,307,Meditite,"Fighting,Psychic",280,30,40,55,40,55,60
images/medicham.jpg,308,Medicham,"Fighting,Psychic",410,60,60,75,60,75,80
images/medicham-mega.jpg,308,Medicham Mega,"Fighting,Psychic",510,60,100,85,80,85,100
images/electrike.jpg,309,Electrike,Electric,295,40,45,40,65,40,65
images/manectric.jpg,310,Manectric,Electric,475,70,75,60,105,60,105
images/manectric-mega.jpg,310,Manectric Mega,Electric,575,70,75,80,135,80,135
images/plusle.jpg,311,Plusle,Electric,405,60,50,40,85,75,95
images/minun.jpg,312,Minun,Electric,405,60,40,50,75,85,95
images/volbeat.jpg,313,Volbeat,Bug,430,65,73,75,47,85,85
images/illumise.jpg,314,Illumise,Bug,430,65,47,75,73,85,85
images/roselia.jpg,315,Roselia,"Grass,Poison",400,50,60,45,100,80,65
images/gulpin.jpg,316,Gulpin,Poison,302,70,43,53,43,53,40
images/swalot.jpg,317,Swalot,Poison,467,100,73,83,73,83,55
images/carvanha.jpg,318,Carvanha,"Water,Dark",305,45,90,20,65,20,65
images/sharpedo.jpg,319,Sharpedo,"Water,Dark",460,70,120,40,95,40,95
images/sharpedo-mega.jpg,319,Sharpedo Mega,"Water,Dark",560,70,140,70,110,65,105
images/wailmer.jpg,320,Wailmer,Water,400,130,70,35,70,35,60
images/wailord.jpg,321,Wailord,Water,500,170,90,45,90,45,60
images/numel.jpg,322,Numel,"Fire,Ground",305,60,60,40,65,45,35
images/camerupt.jpg,323,Camerupt,"Fire,Ground",460,70,100,70,105,75,40
images/camerupt-mega.jpg,323,Camerupt Mega,"Fire,Ground",560,70,120,100,145,105,20
images/torkoal.jpg,324,Torkoal,Fire,470,70,85,140,85,70,20
images/spoink.jpg,325,Spoink,Psychic,330,60,25,35,70,80,60
images/grumpig.jpg,326,Grumpig,Psychic,470,80,45,65,90,110,80
images/spinda.jpg,327,Spinda,Normal,360,60,60,60,60,60,60
images/trapinch.jpg,328,Trapinch,Ground,290,45,100,45,45,45,10
images/vibrava.jpg,329,Vibrava,"Ground,Dragon",340,50,70,50,50,50,70
images/flygon.jpg,330,Flygon,"Ground,Dragon",520,80,100,80,80,80,100
images/cacnea.jpg,331,Cacnea,Grass,335,50,85,40,85,40,35
images/cacturne.jpg,332,Cacturne,"Grass,Dark",475,70,115,60,115,60,55
images/swablu.jpg,333,Swablu,"Normal,Flying",310,45,40,60,40,75,50
images/altaria.jpg,334,Altaria,"Dragon,Flying",490,75,70,90,70,105,80
images/altaria-mega.jpg,334,Altaria Mega,"Dragon,Fairy",590,75,110,110,110,105,80
images/zangoose.jpg,335,Zangoose,Normal,458,73,115,60,60,60,90
images/seviper.jpg,336,Seviper,Poison,458,73,100,60,100,60,65
images/lunatone.jpg,337,Lunatone,"Rock,Psychic",460,90,55,65,95,85,70
images/solrock.jpg,338,Solrock,"Rock,Psychic",460,90,95,85,55,65,70
images/barboach.jpg,339,Barboach,"Water,Ground",288,50,48,43,46,41,60
images/whiscash.jpg,340,Whiscash,"Water,Ground",468,110,78,73,76,71,60
images/corphish.jpg,341,Corphish,Water,308,43,80,65,50,35,35
images/crawdaunt.jpg,342,Crawdaunt,"Water,Dark",468,63,120,85,90,55,55
images/baltoy.jpg,343,Baltoy,"Ground,Psychic",300,40,40,55,40,70,55
images/claydol.jpg,344,Claydol,"Ground,Psychic",500,60,70,105,70,120,75
images/lileep.jpg,345,Lileep,"Rock,Grass",355,66,41,77,61,87,23
images/cradily.jpg,346,Cradily,"Rock,Grass",495,86,81,97,81,107,43
images/anorith.jpg,347,Anorith,"Rock,Bug",355,45,95,50,40,50,75
images/armaldo.jpg,348,Armaldo,"Rock,Bug",495,75,125,100,70,80,45
images/feebas.jpg,349,Feebas,Water,200,20,15,20,10,55,80
images/milotic.jpg,350,Milotic,Water,540,95,60,79,100,125,81
images/castform.jpg,351,Castform,Normal,420,70,70,70,70,70,70
images/castform-sunny.jpg,351,Castform Sunny Form,Fire,420,70,70,70,70,70,70
images/castform-rainy.jpg,351,Castform Rainy Form,Water,420,70,70,70,70,70,70
images/castform-snowy.jpg,351,Castform Snowy Form,Ice,420,70,70,70,70,70,70
images/kecleon.jpg,352,Kecleon,Normal,440,60,90,70,60,120,40
images/shuppet.jpg,353,Shuppet,Ghost,295,44,75,35,63,33,45
images/banette.jpg,354,Banette,Ghost,455,64,115,65,83,63,65
images/banette-mega.jpg,354,Banette Mega,Ghost,555,64,165,75,93,83,75
images/duskull.jpg,355,Duskull,Ghost,295,20,40,90,30,90,25
images/dusclops.jpg,356,Dusclops,Ghost,455,40,70,130,60,130,25
images/tropius.jpg,357,Tropius,"Grass,Flying",460,99,68,83,72,87,51
images/chimecho.jpg,358,Chimecho,Psychic,455,75,50,80,95,90,65
images/absol.jpg,359,Absol,Dark,465,65,130,60,75,60,75
images/absol-mega.jpg,359,Absol Mega,Dark,565,65,150,60,115,60,115
images/wynaut.jpg,360,Wynaut,Psychic,260,95,23,48,23,48,23
images/snorunt.jpg,361,Snorunt,Ice,300,50,50,50,50,50,50
images/glalie.jpg,362,Glalie,Ice,480,80,80,80,80,80,80
images/glalie-mega.jpg,362,Glalie Mega,Ice,580,80,120,80,120,80,100
images/spheal.jpg,363,Spheal,"Ice,Water",290,70,40,50,55,50,25
images/sealeo.jpg,364,Sealeo,"Ice,Water",410,90,60,70,75,70,45
images/walrein.jpg,365,Walrein,"Ice,Water",530,110,80,90,95,90,65
images/clamperl.jpg,366,Clamperl,Water,345,35,64,85,74,55,32
images/huntail.jpg,367,Huntail,Water,485,55,104,105,94,75,52
images/gorebyss.jpg,368,Gorebyss,Water,485,55,84,105,114,75,52
images/relicanth.jpg,369,Relicanth,"Water,Rock",485,100,90,130,45,65,55
images/luvdisc.jpg,370,Luvdisc,Water,330,43,30,55,40,65,97
images/bagon.jpg,371,Bagon,Dragon,300,45,75,60,40,30,50
images/shelgon.jpg,372,Shelgon,Dragon,420,65,95,100,60,50,50
images/salamence.jpg,373,Salamence,"Dragon,Flying",600,95,135,80,110,80,100
images/salamence-mega.jpg,373,Salamence Mega,"Dragon,Flying",700,95,145,130,120,90,120
images/beldum.jpg,374,Beldum,"Steel,Psychic",300,40,55,80,35,60,30
images/metang.jpg,375,Metang,"Steel,Psychic",420,60,75,100,55,80,50
images/metagross.jpg,376,Metagross,"Steel,Psychic",600,80,135,130,95,90,70
images/metagross-mega.jpg,376,Metagross Mega,"Steel,Psychic",700,80,145,150,105,110,110
images/regirock.jpg,377,Regirock,Rock,580,80,100,200,50,100,50
images/regice.jpg,378,Regice,Ice,580,80,50,100,100,200,50
images/registeel.jpg,379,Registeel,Steel,580,80,75,150,75,150,50
images/latias.jpg,380,Latias,"Dragon,Psychic",600,80,80,90,110,130,110
images/latias-mega.jpg,380,Latias Mega,"Dragon,Psychic",700,80,100,120,140,150,110
images/latios.jpg,381,Latios,"Dragon,Psychic",600,80,90,80,130,110,110
images/latios-mega.jpg,381,Latios Mega,"Dragon,Psychic",700,80,130,100,160,120,110
images/kyogre.jpg,382,Kyogre,Water,670,100,100,90,150,140,90
images/kyogre-primal.jpg,382,Kyogre Primal,Water,770,100,150,90,180,160,90
images/groudon.jpg,383,Groudon,Ground,670,100,150,140,100,90,90
images/groudon-primal.jpg,383,Groudon Primal,"Ground,Fire",770,100,180,160,150,90,90
images/rayquaza.jpg,384,Rayquaza,"Dragon,Flying",680,105,150,90,150,90,95
images/rayquaza-mega.jpg,384,Rayquaza Mega,"Dragon,Flying",780,105,180,100,180,100,115
images/jirachi.jpg,385,Jirachi,"Steel,Psychic",600,100,100,100,100,100,100
images/deoxys-normal.jpg,386,Deoxys Normal Forme,Psychic,600,50,150,50,150,50,150
images/deoxys-attack.jpg,386,Deoxys Attack Forme,Psychic,600,50,180,20,180,20,150
images/deoxys-defense.jpg,386,Deoxys Defense Forme,Psychic,600,50,70,160,70,160,90
images/deoxys-speed.jpg,386,Deoxys Speed Forme,Psychic,600,50,95,90,95,90,180
images/turtwig.jpg,387,Turtwig,Grass,318,55,68,64,45,55,31
images/grotle.jpg,388,Grotle,Grass,405,75,89,85,55,65,36
images/torterra.jpg,389,Torterra,"Grass,Ground",525,95,109,105,75,85,56
images/chimchar.jpg,390,Chimchar,Fire,309,44,58,44,58,44,61
images/monferno.jpg,391,Monferno,"Fire,Fighting",405,64,78,52,78,52,81
images/infernape.jpg,392,Infernape,"Fire,Fighting",534,76,104,71,104,71,108
images/piplup.jpg,393,Piplup,Water,314,53,51,53,61,56,40
images/prinplup.jpg,394,Prinplup,Water,405,64,66,68,81,76,50
images/empoleon.jpg,395,Empoleon,"Water,Steel",530,84,86,88,111,101,60
images/starly.jpg,396,Starly,"Normal,Flying",245,40,55,30,30,30,60
images/staravia.jpg,397,Staravia,"Normal,Flying",340,55,75,50,40,40,80
images/staraptor.jpg,398,Staraptor,"Normal,Flying",485,85,120,70,50,60,100
images/bidoof.jpg,399,Bidoof,Normal,250,59,45,40,35,40,31
images/bibarel.jpg,400,Bibarel,"Normal,Water",410,79,85,60,55,60,71
images/kricketot.jpg,401,Kricketot,Bug,194,37,25,41,25,41,25
images/kricketune.jpg,402,Kricketune,Bug,384,77,85,51,55,51,65
images/shinx.jpg,403,Shinx,Electric,263,45,65,34,40,34,45
images/luxio.jpg,404,Luxio,Electric,363,60,85,49,60,49,60
images/luxray.jpg,405,Luxray,Electric,523,80,120,79,95,79,70
images/budew.jpg,406,Budew,"Grass,Poison",280,40,30,35,50,70,55
images/roserade.jpg,407,Roserade,"Grass,Poison",515,60,70,65,125,105,90
images/cranidos.jpg,408,Cranidos,Rock,350,67,125,40,30,30,58
images/rampardos.jpg,409,Rampardos,Rock,495,97,165,60,65,50,58
images/shieldon.jpg,410,Shieldon,"Rock,Steel",350,30,42,118,42,88,30
images/bastiodon.jpg,411,Bastiodon,"Rock,Steel",495,60,52,168,47,138,30
images/burmy-plant.jpg,412,Burmy Plant Cloak,Bug,224,40,29,45,29,45,36
images/burmy-sandy.jpg,412,Burmy Sandy Cloak,Bug,224,40,29,45,29,45,36
images/burmy-trash.jpg,412,Burmy Trash Cloak,Bug,224,40,29,45,29,45,36
images/wormadam-plant.jpg,413,Wormadam Plant Cloak,"Bug,Grass",424,60,59,85,79,105,36
images/wormadam-sandy.jpg,413,Wormadam Sandy Cloak,"Bug,Ground",424,60,79,105,59,85,36
images/wormadam-trash.jpg,413,Wormadam Trash Cloak,"Bug,Steel",424,60,69,95,69,95,36
images/mothim.jpg,414,Mothim,"Bug,Flying",424,70,94,50,94,50,66
images/combee.jpg,415,Combee,"Bug,Flying",244,30,30,42,30,42,70
images/vespiquen.jpg,416,Vespiquen,"Bug,Flying",474,70,80,102,80,102,40
images/pachirisu.jpg,417,Pachirisu,Electric,405,60,45,70,45,90,95
images/buizel.jpg,418,Buizel,Water,330,55,65,35,60,30,85
images/floatzel.jpg,419,Floatzel,Water,495,85,105,55,85,50,115
images/cherubi.jpg,420,Cherubi,Grass,275,45,35,45,62,53,35
images/cherrim.jpg,421,Cherrim,Grass,450,70,60,70,87,78,85
images/shellos.jpg,422,Shellos,Water,325,76,48,48,57,62,34
images/gastrodon.jpg,423,Gastrodon,"Water,Ground",475,111,83,68,92,82,39
images/ambipom.jpg,424,Ambipom,Normal,482,75,100,66,60,66,115
images/drifloon.jpg,425,Drifloon,"Ghost,Flying",348,90,50,34,60,44,70
images/drifblim.jpg,426,Drifblim,"Ghost,Flying",498,150,80,44,90,54,80
images/buneary.jpg,427,Buneary,Normal,350,55,66,44,44,56,85
images/lopunny.jpg,428,Lopunny,Normal,480,65,76,84,54,96,105
images/lopunny-mega.jpg,428,Lopunny Mega,"Normal,Fighting",580,65,136,94,54,96,135
images/mismagius.jpg,429,Mismagius,Ghost,495,60,60,60,105,105,105
images/honchkrow.jpg,430,Honchkrow,"Dark,Flying",505,100,125,52,105,52,71
images/glameow.jpg,431,Glameow,Normal,310,49,55,42,42,37,85
images/purugly.jpg,432,Purugly,Normal,452,71,82,64,64,59,112
images/chingling.jpg,433,Chingling,Psychic,285,45,30,50,65,50,45
images/stunky.jpg,434,Stunky,"Poison,Dark",329,63,63,47,41,41,74
images/skuntank.jpg,435,Skuntank,"Poison,Dark",479,103,93,67,71,61,84
images/bronzor.jpg,436,Bronzor,"Steel,Psychic",300,57,24,86,24,86,23
images/bronzong.jpg,437,Bronzong,"Steel,Psychic",500,67,89,116,79,116,33
images/bonsly.jpg,438,Bonsly,Rock,290,50,80,95,10,45,10
images/mime-jr.jpg,439,Mime Jr.,"Psychic,Fairy",310,20,25,45,70,90,60
images/happiny.jpg,440,Happiny,Normal,220,100,5,5,15,65,30
images/chatot.jpg,441,Chatot,"Normal,Flying",411,76,65,45,92,42,91
images/spiritomb.jpg,442,Spiritomb,"Ghost,Dark",485,50,92,108,92,108,35
images/gible.jpg,443,Gible,"Dragon,Ground",300,58,70,45,40,45,42
images/gabite.jpg,444,Gabite,"Dragon,Ground",410,68,90,65,50,55,82
images/garchomp.jpg,445,Garchomp,"Dragon,Ground",600,108,130,95,80,85,102
images/garchomp-mega.jpg,445,Garchomp Mega,"Dragon,Ground",700,108,170,115,120,95,92
images/munchlax.jpg,446,Munchlax,Normal,390,135,85,40,40,85,5
images/riolu.jpg,447,Riolu,Fighting,285,40,70,40,35,40,60
images/lucario.jpg,448,Lucario,"Fighting,Steel",525,70,110,70,115,70,90
images/lucario-mega.jpg,448,Lucario Mega,"Fighting,Steel",625,70,145,88,140,70,112
images/hippopotas.jpg,449,Hippopotas,Ground,330,68,72,78,38,42,32
images/hippowdon.jpg,450,Hippowdon,Ground,525,108,112,118,68,72,47
images/skorupi.jpg,451,Skorupi,"Poison,Bug",330,40,50,90,30,55,65
images/drapion.jpg,452,Drapion,"Poison,Dark",500,70,90,110,60,75,95
images/croagunk.jpg,453,Croagunk,"Poison,Fighting",300,48,61,40,61,40,50
images/toxicroak.jpg,454,Toxicroak,"Poison,Fighting",490,83,106,65,86,65,85
images/carnivine.jpg,455,Carnivine,Grass,454,74,100,72,90,72,46
images/finneon.jpg,456,Finneon,Water,330,49,49,56,49,61,66
images/lumineon.jpg,457,Lumineon,Water,460,69,69,76,69,86,91
images/mantyke.jpg,458,Mantyke,"Water,Flying",345,45,20,50,60,120,50
images/snover.jpg,459,Snover,"Grass,Ice",334,60,62,50,62,60,40
images/abomasnow.jpg,460,Abomasnow,"Grass,Ice",494,90,92,75,92,85,60
images/abomasnow-mega.jpg,460,Abomasnow Mega,"Grass,Ice",594,90,132,105,132,105,30
images/weavile.jpg,461,Weavile,"Dark,Ice",510,70,120,65,45,85,125
images/magnezone.jpg,462,Magnezone,"Electric,Steel",535,70,70,115,130,90,60
images/lickilicky.jpg,463,Lickilicky,Normal,515,110,85,95,80,95,50
images/rhyperior.jpg,464,Rhyperior,"Ground,Rock",535,115,140,130,55,55,40
images/tangrowth.jpg,465,Tangrowth,Grass,535,100,100,125,110,50,50
images/electivire.jpg,466,Electivire,Electric,540,75,123,67,95,85,95
images/magmortar.jpg,467,Magmortar,Fire,540,75,95,67,125,95,83
images/togekiss.jpg,468,Togekiss,"Fairy,Flying",545,85,50,95,120,115,80
images/yanmega.jpg,469,Yanmega,"Bug,Flying",515,86,76,86,116,56,95
images/leafeon.jpg,470,Leafeon,Grass,525,65,110,130,60,65,95
images/glaceon.jpg,471,Glaceon,Ice,525,65,60,110,130,95,65
images/gliscor.jpg,472,Gliscor,"Ground,Flying",510,75,95,125,45,75,95
images/mamoswine.jpg,473,Mamoswine,"Ice,Ground",530,110,130,80,70,60,80
images/porygon-z.jpg,474,Porygon-Z-Z,Normal,535,85,80,70,135,75,90
images/gallade.jpg,475,Gallade,"Psychic,Fighting",518,68,125,65,65,115,80
images/gallade-mega.jpg,475,Gallade Mega,"Psychic,Fighting",618,68,165,95,65,115,110
images/probopass.jpg,476,Probopass,"Rock,Steel",525,60,55,145,75,150,40
images/dusknoir.jpg,477,Dusknoir,Ghost,525,45,100,135,65,135,45
images/froslass.jpg,478,Froslass,"Ice,Ghost",480,70,80,70,80,70,110
images/rotom.jpg,479,Rotom,"Electric,Ghost",440,50,50,77,95,77,91
images/rotom-heat.jpg,479,Rotom Heat,"Electric,Fire",520,50,65,107,105,107,86
images/rotom-wash.jpg,479,Rotom Wash,"Electric,Water",520,50,65,107,105,107,86
images/rotom-frost.jpg,479,Rotom Frost,"Electric,Ice",520,50,65,107,105,107,86
images/rotom-fan.jpg,479,Rotom Fan,"Electric,Flying",520,50,65,107,105,107,86
images/rotom-mow.jpg,479,Rotom Mow,"Electric,Grass",520,50,65,107,105,107,86
images/uxie.jpg,480,Uxie,Psychic,580,75,75,130,75,130,95
images/mesprit.jpg,481,Mesprit,Psychic,580,80,105,105,105,105,80
images/azelf.jpg,482,Azelf,Psychic,580,75,125,70,125,70,115
images/dialga.jpg,483,Dialga,"Steel,Dragon",680,100,120,120,150,100,90
images/dialga-origin.jpg,483,Dialga Origin Forme,"Steel,Dragon",680,100,100,120,150,120,90
images/palkia.jpg,484,Palkia,"Water,Dragon",680,90,120,100,150,120,100
images/palkia-origin.jpg,484,Palkia Origin Forme,"Water,Dragon",680,90,100,100,150,120,120
images/heatran.jpg,485,Heatran,"Fire,Steel",600,91,90,106,130,106,77
images/regigigas.jpg,486,Regigigas,Normal,670,110,160,110,80,110,100
images/giratina-altered.jpg,487,Giratina Altered Forme,"Ghost,Dragon",680,150,100,120,100,120,90
images/giratina-origin.jpg,487,Giratina Origin Forme,"Ghost,Dragon",680,150,120,100,120,100,90
images/cresselia.jpg,488,Cresselia,Psychic,580,120,70,110,75,120,85
images/phione.jpg,489,Phione,Water,480,80,80,80,80,80,80
images/manaphy.jpg,490,Manaphy,Water,600,100,100,100,100,100,100
images/darkrai.jpg,491,Darkrai,Dark,600,70,90,90,135,90,125
images/shaymin-land.jpg,492,Shaymin Land Forme,Grass,600,100,100,100,100,100,100
images/shaymin-sky.jpg,492,Shaymin Sky Forme,"Grass,Flying",600,100,103,75,120,75,127
images/arceus.jpg,493,Arceus,Normal,720,120,120,120,120,120,120
images/victini.jpg,494,Victini,"Psychic,Fire",600,100,100,100,100,100,100
images/snivy.jpg,495,Snivy,Grass,308,45,45,55,45,55,63
images/servine.jpg,496,Servine,Grass,413,60,60,75,60,75,83
images/serperior.jpg,497,Serperior,Grass,528,75,75,95,75,95,113
images/tepig.jpg,498,Tepig,Fire,308,65,63,45,45,45,45
images/pignite.jpg,499,Pignite,"Fire,Fighting",418,90,93,55,70,55,55
images/emboar.jpg,500,Emboar,"Fire,Fighting",528,110,123,65,100,65,65
images/oshawott.jpg,501,Oshawott,Water,308,55,55,45,63,45,45
images/dewott.jpg,502,Dewott,Water,413,75,75,60,83,60,60
images/samurott.jpg,503,Samurott,Water,528,95,100,85,108,70,70
images/samurott-hisuian.jpg,503,Samurott Hisuian,"Water,Dark",528,90,108,80,100,65,85
images/patrat.jpg,504,Patrat,Normal,255,45,55,39,35,39,42
images/watchog.jpg,505,Watchog,Normal,420,60,85,69,60,69,77
images/lillipup.jpg,506,Lillipup,Normal,275,45,60,45,25,45,55
images/herdier.jpg,507,Herdier,Normal,370,65,80,65,35,65,60
images/stoutland.jpg,508,Stoutland,Normal,500,85,110,90,45,90,80
images/purrloin.jpg,509,Purrloin,Dark,281,41,50,37,50,37,66
images/liepard.jpg,510,Liepard,Dark,446,64,88,50,88,50,106
images/pansage.jpg,511,Pansage,Grass,316,50,53,48,53,48,64
images/simisage.jpg,512,Simisage,Grass,498,75,98,63,98,63,101
images/pansear.jpg,513,Pansear,Fire,316,50,53,48,53,48,64
images/simisear.jpg,514,Simisear,Fire,498,75,98,63,98,63,101
images/panpour.jpg,515,Panpour,Water,316,50,53,48,53,48,64
images/simipour.jpg,516,Simipour,Water,498,75,98,63,98,63,101
images/munna.jpg,517,Munna,Psychic,292,76,25,45,67,55,24
images/musharna.jpg,518,Musharna,Psychic,487,116,55,85,107,95,29
images/pidove.jpg,519,Pidove,"Normal,Flying",264,50,55,50,36,30,43
images/tranquill.jpg,520,Tranquill,"Normal,Flying",358,62,77,62,50,42,65
images/unfezant.jpg,521,Unfezant,"Normal,Flying",488,80,115,80,65,55,93
images/blitzle.jpg,522,Blitzle,Electric,295,45,60,32,50,32,76
images/zebstrika.jpg,523,Zebstrika,Electric,497,75,100,63,80,63,116
images/roggenrola.jpg,524,Roggenrola,Rock,280,55,75,85,25,25,15
images/boldore.jpg,525,Boldore,Rock,390,70,105,105,50,40,20
images/gigalith.jpg,526,Gigalith,Rock,515,85,135,130,60,80,25
images/woobat.jpg,527,Woobat,"Psychic,Flying",323,65,45,43,55,43,72
images/swoobat.jpg,528,Swoobat,"Psychic,Flying",425,67,57,55,77,55,114
images/drilbur.jpg,529,Drilbur,Ground,328,60,85,40,30,45,68
images/excadrill.jpg,530,Excadrill,"Ground,Steel",508,110,135,60,50,65,88
images/audino.jpg,531,Audino,Normal,445,103,60,86,60,86,50
images/audino-mega.jpg,531,Audino Mega,"Normal,Fairy",545,103,60,126,80,126,50
images/timburr.jpg,532,Timburr,Fighting,305,75,80,55,25,35,35
images/gurdurr.jpg,533,Gurdurr,Fighting,405,85,105,85,40,50,40
images/conkeldurr.jpg,534,Conkeldurr,Fighting,505,105,140,95,55,65,45
images/tympole.jpg,535,Tympole,Water,294,50,50,40,50,40,64
images/palpitoad.jpg,536,Palpitoad,"Water,Ground",384,75,65,55,65,55,69
images/seismitoad.jpg,537,Seismitoad,"Water,Ground",509,105,95,75,85,75,74
images/throh.jpg,538,Throh,Fighting,465,120,100,85,30,85,45
images/sawk.jpg,539,Sawk,Fighting,465,75,125,75,30,75,85
images/sewaddle.jpg,540,Sewaddle,"Bug,Grass",310,45,53,70,40,60,42
images/swadloon.jpg,541,Swadloon,"Bug,Grass",380,55,63,90,50,80,42
images/leavanny.jpg,542,Leavanny,"Bug,Grass",500,75,103,80,70,80,92
images/venipede.jpg,543,Venipede,"Bug,Poison",260,30,45,59,30,39,57
images/whirlipede.jpg,544,Whirlipede,"Bug,Poison",360,40,55,99,40,79,47
images/scolipede.jpg,545,Scolipede,"Bug,Poison",485,60,100,89,55,69,112
images/cottonee.jpg,546,Cottonee,"Grass,Fairy",280,40,27,60,37,50,66
images/whimsicott.jpg,547,Whimsicott,"Grass,Fairy",480,60,67,85,77,75,116
images/petilil.jpg,548,Petilil,Grass,280,45,35,50,70,50,30
images/lilligant.jpg,549,Lilligant,Grass,480,70,60,75,110,75,90
images/lilligant-hisuian.jpg,549,Lilligant Hisuian,"Grass,Fighting",480,70,105,75,50,75,105
images/basculin-red-striped.jpg,550,Basculin Red-Striped Form,Water,460,70,92,65,80,55,98
images/basculin-blue-striped.jpg,550,Basculin Blue-Striped Form,Water,460,70,92,65,80,55,98
images/basculin-white-striped.jpg,550,Basculin White-Striped Form,Water,460,70,92,65,80,55,98
images/sandile.jpg,551,Sandile,"Ground,Dark",292,50,72,35,35,35,65
images/krokorok.jpg,552,Krokorok,"Ground,Dark",351,60,82,45,45,45,74
images/krookodile.jpg,553,Krookodile,"Ground,Dark",519,95,117,80,65,70,92
images/darumaka.jpg,554,Darumaka,Fire,315,70,90,45,15,45,50
images/darumaka-galarian.jpg,554,Darumaka Galarian,Ice,315,70,90,45,15,45,50
images/darmanitan-standard.jpg,555,Darmanitan Standard Mode,Fire,480,105,140,55,30,55,95
images/darmanitan-zen.jpg,555,Darmanitan Zen Mode,"Fire,Psychic",540,105,30,105,140,105,55
images/darmanitan-galarian-standard.jpg,555,Darmanitan Galarian Standard Mode,Ice,480,105,140,55,30,55,95
images/darmanitan-galarian-zen.jpg,555,Darmanitan Galarian Zen Mode,"Ice,Fire",540,105,160,55,30,55,135
images/maractus.jpg,556,Maractus,Grass,461,75,86,67,106,67,60
images/dwebble.jpg,557,Dwebble,"Bug,Rock",325,50,65,85,35,35,55
images/crustle.jpg,558,Crustle,"Bug,Rock",485,70,105,125,65,75,45
images/scraggy.jpg,559,Scraggy,"Dark,Fighting",348,50,75,70,35,70,48
images/scrafty.jpg,560,Scrafty,"Dark,Fighting",488,65,90,115,45,115,58
images/sigilyph.jpg,561,Sigilyph,"Psychic,Flying",490,72,58,80,103,80,97
images/yamask.jpg,562,Yamask,Ghost,303,38,30,85,55,65,30
images/yamask-galarian.jpg,562,Yamask Galarian,"Ground,Ghost",303,38,55,85,30,65,30
images/cofagrigus.jpg,563,Cofagrigus,Ghost,483,58,50,145,95,105,30
images/tirtouga.jpg,564,Tirtouga,"Water,Rock",355,54,78,103,53,45,22
images/carracosta.jpg,565,Carracosta,"Water,Rock",495,74,108,133,83,65,32
images/archen.jpg,566,Archen,"Rock,Flying",401,55,112,45,74,45,70
images/archeops.jpg,567,Archeops,"Rock,Flying",567,75,140,65,112,65,110
images/trubbish.jpg,568,Trubbish,Poison,329,50,50,62,40,62,65
images/garbodor.jpg,569,Garbodor,Poison,474,80,95,82,60,82,75
images/zorua.jpg,570,Zorua,Dark,330,40,65,40,80,40,65
images/zorua-hisuian.jpg,570,Zorua Hisuian,"Normal,Ghost",330,35,60,40,85,40,70
images/zoroark.jpg,571,Zoroark,Dark,510,60,105,60,120,60,105
images/zoroark-hisuian.jpg,571,Zoroark Hisuian,"Normal,Ghost",510,60,105,60,120,60,105
images/minccino.jpg,572,Minccino,Normal,300,55,50,40,40,40,75
images/cinccino.jpg,573,Cinccino,Normal,470,75,95,60,65,60,115
images/gothita.jpg,574,Gothita,Psychic,290,45,30,50,55,65,45
images/gothorita.jpg,575,Gothorita,Psychic,390,60,45,70,75,85,55
images/gothitelle.jpg,576,Gothitelle,Psychic,490,70,55,95,95,110,65
images/solosis.jpg,577,Solosis,Psychic,290,45,30,40,105,50,20
images/duosion.jpg,578,Duosion,Psychic,370,65,40,50,125,60,30
images/reuniclus.jpg,579,Reuniclus,Psychic,490,110,65,75,125,85,30
images/ducklett.jpg,580,Ducklett,"Water,Flying",305,62,44,50,44,50,55
images/swanna.jpg,581,Swanna,"Water,Flying",473,75,87,63,87,63,98
images/vanillite.jpg,582,Vanillite,Ice,305,36,50,50,65,60,44
images/vanillish.jpg,583,Vanillish,Ice,395,51,65,65,80,75,59
images/vanilluxe.jpg,584,Vanilluxe,Ice,535,71,95,85,110,95,79
images/deerling.jpg,585,Deerling,"Normal,Grass",335,60,60,50,40,50,75
images/sawsbuck.jpg,586,Sawsbuck,"Normal,Grass",475,80,100,70,60,70,95
images/emolga.jpg,587,Emolga,"Electric,Flying",428,55,75,60,75,60,103
images/karrablast.jpg,588,Karrablast,Bug,315,50,75,45,40,45,60
images/escavalier.jpg,589,Escavalier,"Bug,Steel",495,70,135,105,60,105,20
images/foongus.jpg,590,Foongus,"Grass,Poison",294,69,55,45,55,55,15
images/amoonguss.jpg,591,Amoonguss,"Grass,Poison",464,114,85,70,85,80,30
images/frillish.jpg,592,Frillish,"Water,Ghost",335,55,40,50,65,85,40
images/jellicent.jpg,593,Jellicent,"Water,Ghost",480,100,60,70,85,105,60
images/alomomola.jpg,594,Alomomola,Water,470,165,75,80,40,45,65
images/joltik.jpg,595,Joltik,"Bug,Electric",319,50,47,50,57,50,65
images/galvantula.jpg,596,Galvantula,"Bug,Electric",472,70,77,60,97,60,108
images/ferroseed.jpg,597,Ferroseed,"Grass,Steel",305,44,50,91,24,86,10
images/ferrothorn.jpg,598,Ferrothorn,"Grass,Steel",489,74,94,131,54,116,20
images/klink.jpg,599,Klink,Steel,300,40,55,70,45,60,30
images/klang.jpg,600,Klang,Steel,440,60,80,95,70,85,50
images/klinklang.jpg,601,Klinklang,Steel,520,60,100,115,70,85,90
images/tynamo.jpg,602,Tynamo,Electric,275,35,55,40,45,40,60
images/eelektrik.jpg,603,Eelektrik,Electric,405,65,85,70,75,70,40
images/eelektross.jpg,604,Eelektross,Electric,515,85,115,80,105,80,50
images/elgyem.jpg,605,Elgyem,Psychic,335,55,55,55,85,55,30
images/beheeyem.jpg,606,Beheeyem,Psychic,485,75,75,75,125,95,40
images/litwick.jpg,607,Litwick,"Ghost,Fire",275,50,30,55,65,55,20
images/lampent.jpg,608,Lampent,"Ghost,Fire",370,60,40,60,95,60,55
images/chandelure.jpg,609,Chandelure,"Ghost,Fire",520,60,55,90,145,90,80
images/axew.jpg,610,Axew,Dragon,320,46,87,60,30,40,57
images/fraxure.jpg,611,Fraxure,Dragon,410,66,117,70,40,50,67
images/haxorus.jpg,612,Haxorus,Dragon,540,76,147,90,60,70,97
images/cubchoo.jpg,613,Cubchoo,Ice,305,55,70,40,60,40,40
images/beartic.jpg,614,Beartic,Ice,505,95,130,80,70,80,50
images/cryogonal.jpg,615,Cryogonal,Ice,515,80,50,50,95,135,105
images/shelmet.jpg,616,Shelmet,Bug,305,50,40,85,40,65,25
images/accelgor.jpg,617,Accelgor,Bug,495,80,70,40,100,60,145
images/stunfisk.jpg,618,Stunfisk,"Ground,Electric",471,109,66,84,81,99,32
images/stunfisk-galarian.jpg,618,Stunfisk Galarian,"Ground,Steel",471,109,81,99,66,84,32
images/mienfoo.jpg,619,Mienfoo,Fighting,350,45,85,50,55,50,65
images/mienshao.jpg,620,Mienshao,Fighting,510,65,125,60,95,60,105
images/druddigon.jpg,621,Druddigon,Dragon,485,77,120,90,60,90,48
images/golett.jpg,622,Golett,"Ground,Ghost",303,59,74,50,35,50,35
images/golurk.jpg,623,Golurk,"Ground,Ghost",483,89,124,80,55,80,55
images/pawniard.jpg,624,Pawniard,"Dark,Steel",340,45,85,70,40,40,60
images/bisharp.jpg,625,Bisharp,"Dark,Steel",490,65,125,100,60,70,70
images/bouffalant.jpg,626,Bouffalant,Normal,490,95,110,95,40,95,55
images/rufflet.jpg,627,Rufflet,"Normal,Flying",350,70,83,50,37,50,60
images/braviary.jpg,628,Braviary,"Normal,Flying",510,100,123,75,57,75,80
images/braviary-hisuian.jpg,628,Braviary Hisuian,"Psychic,Flying",510,110,83,70,112,70,65
images/vullaby.jpg,629,Vullaby,"Dark,Flying",370,70,55,75,45,65,60
images/mandibuzz.jpg,630,Mandibuzz,"Dark,Flying",510,110,65,105,55,95,80
images/heatmor.jpg,631,Heatmor,Fire,484,85,97,66,105,66,65
images/durant.jpg,632,Durant,"Bug,Steel",484,58,109,112,48,48,109
images/deino.jpg,633,Deino,"Dark,Dragon",300,52,65,50,45,50,38
images/zweilous.jpg,634,Zweilous,"Dark,Dragon",420,72,85,70,65,70,58
images/hydreigon.jpg,635,Hydreigon,"Dark,Dragon",600,92,105,90,125,90,98
images/larvesta.jpg,636,Larvesta,"Bug,Fire",360,55,85,55,50,55,60
images/volcarona.jpg,637,Volcarona,"Bug,Fire",550,85,60,65,135,105,100
images/cobalion.jpg,638,Cobalion,"Steel,Fighting",580,91,90,129,90,72,108
images/terrakion.jpg,639,Terrakion,"Rock,Fighting",580,91,129,90,72,90,108
images/virizion.jpg,640,Virizion,"Grass,Fighting",580,91,90,72,90,129,108
images/tornadus-incarnate.jpg,641,Tornadus Incarnate Forme,Flying,580,79,115,70,125,80,111
images/tornadus-therian.jpg,641,Tornadus Therian Forme,Flying,580,79,100,80,110,90,121
images/thundurus-incarnate.jpg,642,Thundurus Incarnate Forme,"Electric,Flying",580,79,115,70,125,80,111
images/thundurus-therian.jpg,642,Thundurus Therian Forme,"Electric,Flying",580,79,105,70,145,80,101
images/reshiram.jpg,643,Reshiram,"Dragon,Fire",680,100,120,100,150,120,90
images/zekrom.jpg,644,Zekrom,"Dragon,Electric",680,100,150,120,120,100,90
images/landorus-incarnate.jpg,645,Landorus Incarnate Forme,"Ground,Flying",600,89,125,90,115,80,101
images/landorus-therian.jpg,645,Landorus Therian Forme,"Ground,Flying",600,89,145,90,105,80,91
images/kyurem.jpg,646,Kyurem,"Dragon,Ice",660,125,130,90,130,90,95
images/kyurem-white.jpg,646,Kyurem White,"Dragon,Ice",700,125,120,90,170,100,95
images/kyurem-black.jpg,646,Kyurem Black,"Dragon,Ice",700,125,170,100,120,90,95
images/keldeo-ordinary.jpg,647,Keldeo Ordinary Form,"Water,Fighting",580,91,72,90,129,90,108
images/keldeo-resolute.jpg,647,Keldeo Resolute Form,"Water,Fighting",580,91,72,90,129,90,108
images/meloetta-aria.jpg,648,Meloetta Aria Forme,"Normal,Psychic",600,100,77,77,128,128,90
images/meloetta-pirouette.jpg,648,Meloetta Pirouette Forme,"Normal,Fighting",600,100,128,90,77,77,128
images/genesect.jpg,649,Genesect,"Bug,Steel",600,71,120,95,120,95,99
images/chespin.jpg,650,Chespin,Grass,313,56,61,65,48,45,38
images/quilladin.jpg,651,Quilladin,Grass,405,61,78,95,56,58,57
images/chesnaught.jpg,652,Chesnaught,"Grass,Fighting",530,88,107,122,74,75,64
images/fennekin.jpg,653,Fennekin,Fire,307,40,45,40,62,60,60
images/braixen.jpg,654,Braixen,Fire,409,59,59,58,90,70,73
images/delphox.jpg,655,Delphox,"Fire,Psychic",534,75,69,72,114,100,104
images/froakie.jpg,656,Froakie,Water,314,41,56,40,62,44,71
images/frogadier.jpg,657,Frogadier,Water,405,54,63,52,83,56,97
images/greninja.jpg,658,Greninja,"Water,Dark",530,72,95,67,103,71,122
images/greninja-ash.jpg,658,Greninja Ash-Greninja,"Water,Dark",640,72,145,67,153,71,132
images/bunnelby.jpg,659,Bunnelby,Normal,237,38,36,38,32,36,57
images/diggersby.jpg,660,Diggersby,"Normal,Ground",423,85,56,77,50,77,78
images/fletchling.jpg,661,Fletchling,"Normal,Flying",278,45,50,43,40,38,62
images/fletchinder.jpg,662,Fletchinder,"Fire,Flying",382,62,73,55,56,52,84
images/talonflame.jpg,663,Talonflame,"Fire,Flying",499,78,81,71,74,69,126
images/scatterbug.jpg,664,Scatterbug,Bug,200,38,35,40,27,25,35
images/spewpa.jpg,665,Spewpa,Bug,213,45,22,60,27,30,29
images/vivillon.jpg,666,Vivillon,"Bug,Flying",411,80,52,50,90,50,89
images/litleo.jpg,667,Litleo,"Fire,Normal",369,62,50,58,73,54,72
images/pyroar.jpg,668,Pyroar,"Fire,Normal",507,86,68,72,109,66,106
images/flabebe.jpg,669,Flabb,Fairy,303,44,38,39,61,79,42
images/floette.jpg,670,Floette,Fairy,371,54,45,47,75,98,52
images/florges.jpg,671,Florges,Fairy,552,78,65,68,112,154,75
images/skiddo.jpg,672,Skiddo,Grass,350,66,65,48,62,57,52
images/gogoat.jpg,673,Gogoat,Grass,531,123,100,62,97,81,68
images/pancham.jpg,674,Pancham,Fighting,348,67,82,62,46,48,43
images/pangoro.jpg,675,Pangoro,"Fighting,Dark",495,95,124,78,69,71,58
images/furfrou.jpg,676,Furfrou,Normal,472,75,80,60,65,90,102
images/espurr.jpg,677,Espurr,Psychic,355,62,48,54,63,60,68
images/meowstic-male.jpg,678,Meowstic Male,Psychic,466,74,48,76,83,81,104
images/meowstic-female.jpg,678,Meowstic Female,Psychic,466,74,48,76,83,81,104
images/honedge.jpg,679,Honedge,"Steel,Ghost",325,45,80,100,35,37,28
images/doublade.jpg,680,Doublade,"Steel,Ghost",448,59,110,150,45,49,35
images/aegislash-shield.jpg,681,Aegislash Shield Forme,"Steel,Ghost",500,60,50,140,50,140,60
images/aegislash-blade.jpg,681,Aegislash Blade Forme,"Steel,Ghost",500,60,140,50,140,50,60
images/spritzee.jpg,682,Spritzee,Fairy,341,78,52,60,63,65,23
images/aromatisse.jpg,683,Aromatisse,Fairy,462,101,72,72,99,89,29
images/swirlix.jpg,684,Swirlix,Fairy,341,62,48,66,59,57,49
images/slurpuff.jpg,685,Slurpuff,Fairy,480,82,80,86,85,75,72
images/inkay.jpg,686,Inkay,"Dark,Psychic",288,53,54,53,37,46,45
images/malamar.jpg,687,Malamar,"Dark,Psychic",482,86,92,88,68,75,73
images/binacle.jpg,688,Binacle,"Rock,Water",306,42,52,67,39,56,50
images/barbaracle.jpg,689,Barbaracle,"Rock,Water",500,72,105,115,54,86,68
images/skrelp.jpg,690,Skrelp,"Poison,Water",320,50,60,60,60,60,30
images/dragalge.jpg,691,Dragalge,"Poison,Dragon",494,65,75,90,97,123,44
images/clauncher.jpg,692,Clauncher,Water,330,50,53,62,58,63,44
images/clawitzer.jpg,693,Clawitzer,Water,500,71,73,88,120,89,59
images/helioptile.jpg,694,Helioptile,"Electric,Normal",289,44,38,33,61,43,70
images/heliolisk.jpg,695,Heliolisk,"Electric,Normal",481,62,55,52,109,94,109
images/tyrunt.jpg,696,Tyrunt,"Rock,Dragon",362,58,89,77,45,45,48
images/tyrantrum.jpg,697,Tyrantrum,"Rock,Dragon",521,82,121,119,69,59,71
images/amaura.jpg,698,Amaura,"Rock,Ice",362,77,59,50,67,63,46
images/aurorus.jpg,699,Aurorus,"Rock,Ice",521,123,77,72,99,92,58
images/sylveon.jpg,700,Sylveon,Fairy,525,95,65,65,110,130,60
images/hawlucha.jpg,701,Hawlucha,"Fighting,Flying",500,78,92,75,74,63,118
images/dedenne.jpg,702,Dedenne,"Electric,Fairy",431,67,58,57,81,67,101
images/carbink.jpg,703,Carbink,"Rock,Fairy",500,50,50,150,50,150,50
images/goomy.jpg,704,Goomy,Dragon,300,45,50,35,55,75,40
images/sliggoo.jpg,705,Sliggoo,Dragon,452,68,75,53,83,113,60
images/sliggoo-hisuian.jpg,705,Sliggoo Hisuian,"Steel,Dragon",452,58,75,83,83,113,40
images/goodra.jpg,706,Goodra,Dragon,600,90,100,70,110,150,80
images/goodra-hisuian.jpg,706,Goodra Hisuian,"Steel,Dragon",600,80,100,100,110,150,60
images/klefki.jpg,707,Klefki,"Steel,Fairy",470,57,80,91,80,87,75
images/phantump.jpg,708,Phantump,"Ghost,Grass",309,43,70,48,50,60,38
images/trevenant.jpg,709,Trevenant,"Ghost,Grass",474,85,110,76,65,82,56
images/pumpkaboo-average.jpg,710,Pumpkaboo Average Size,"Ghost,Grass",335,49,66,70,44,55,51
images/pumpkaboo-small.jpg,710,Pumpkaboo Small Size,"Ghost,Grass",335,44,66,70,44,55,56
images/pumpkaboo-large.jpg,710,Pumpkaboo Large Size,"Ghost,Grass",335,54,66,70,44,55,46
images/pumpkaboo-super.jpg,710,Pumpkaboo Super Size,"Ghost,Grass",335,59,66,70,44,55,41
images/gourgeist-average.jpg,711,Gourgeist Average Size,"Ghost,Grass",494,65,90,122,58,75,84
images/gourgeist-small.jpg,711,Gourgeist Small Size,"Ghost,Grass",494,55,85,122,58,75,99
images/gourgeist-large.jpg,711,Gourgeist Large Size,"Ghost,Grass",494,75,95,122,58,75,69
images/gourgeist-super.jpg,711,Gourgeist Super Size,"Ghost,Grass",494,85,100,122,58,75,54
images/bergmite.jpg,712,Bergmite,Ice,304,55,69,85,32,35,28
images/avalugg.jpg,713,Avalugg,Ice,514,95,117,184,44,46,28
images/avalugg-hisuian.jpg,713,Avalugg Hisuian,"Ice,Rock",514,95,127,184,34,36,38
images/noibat.jpg,714,Noibat,"Flying,Dragon",245,40,30,35,45,40,55
images/noivern.jpg,715,Noivern,"Flying,Dragon",535,85,70,80,97,80,123
images/xerneas.jpg,716,Xerneas,Fairy,680,126,131,95,131,98,99
images/yveltal.jpg,717,Yveltal,"Dark,Flying",680,126,131,95,131,98,99
images/zygarde-50.jpg,718,Zygarde 50% Forme ,"Dragon,Ground",600,108,100,121,81,95,95
images/zygarde-10.jpg,718,Zygarde 10% Forme ,"Dragon,Ground",486,54,100,71,61,85,115
images/zygarde-complete.jpg,718,Zygarde Complete Forme ,"Dragon,Ground",708,216,100,121,91,95,85
images/diancie.jpg,719,Diancie,"Rock,Fairy",600,50,100,150,100,150,50
images/diancie-mega.jpg,719,Diancie Mega,"Rock,Fairy",700,50,160,110,160,110,110
images/hoopa-confined.jpg,720,Hoopa Confined,"Psychic,Ghost",600,80,110,60,150,130,70
images/hoopa-unbound.jpg,720,Hoopa Unbound,"Psychic,Dark",680,80,160,60,170,130,80
images/volcanion.jpg,721,Volcanion,"Fire,Water",600,80,110,120,130,90,70
images/rowlet.jpg,722,Rowlet,"Grass,Flying",320,68,55,55,50,50,42
images/dartrix.jpg,723,Dartrix,"Grass,Flying",420,78,75,75,70,70,52
images/decidueye.jpg,724,Decidueye,"Grass,Ghost",530,78,107,75,100,100,70
images/decidueye-hisuian.jpg,724,Decidueye Hisuian,"Grass,Fighting",530,88,112,80,95,95,60
images/litten.jpg,725,Litten,Fire,320,45,65,40,60,40,70
images/torracat.jpg,726,Torracat,Fire,420,65,85,50,80,50,90
images/incineroar.jpg,727,Incineroar,"Fire,Dark",530,95,115,90,80,90,60
images/popplio.jpg,728,Popplio,Water,320,50,54,54,66,56,40
images/brionne.jpg,729,Brionne,Water,420,60,69,69,91,81,50
images/primarina.jpg,730,Primarina,"Water,Fairy",530,80,74,74,126,116,60
images/pikipek.jpg,731,Pikipek,"Normal,Flying",265,35,75,30,30,30,65
images/trumbeak.jpg,732,Trumbeak,"Normal,Flying",355,55,85,50,40,50,75
images/toucannon.jpg,733,Toucannon,"Normal,Flying",485,80,120,75,75,75,60
images/yungoos.jpg,734,Yungoos,Normal,253,48,70,30,30,30,45
images/gumshoos.jpg,735,Gumshoos,Normal,418,88,110,60,55,60,45
images/grubbin.jpg,736,Grubbin,Bug,300,47,62,45,55,45,46
images/charjabug.jpg,737,Charjabug,"Bug,Electric",400,57,82,95,55,75,36
images/vikavolt.jpg,738,Vikavolt,"Bug,Electric",500,77,70,90,145,75,43
images/crabrawler.jpg,739,Crabrawler,Fighting,338,47,82,57,42,47,63
images/crabominable.jpg,740,Crabominable,"Fighting,Ice",478,97,132,77,62,67,43
images/oricorio-baile.jpg,741,Oricorio Baile Style,"Fire,Flying",476,75,70,70,98,70,93
images/oricorio-pom-pom.jpg,741,Oricorio Pom-Pom Style,"Electric,Flying",476,75,70,70,98,70,93
images/oricorio-pau.jpg,741,Oricorio Pa'u Style,"Psychic,Flying",476,75,70,70,98,70,93
images/oricorio-sensu.jpg,741,Oricorio Sensu Style,"Ghost,Flying",476,75,70,70,98,70,93
images/cutiefly.jpg,742,Cutiefly,"Bug,Fairy",304,40,45,40,55,40,84
images/ribombee.jpg,743,Ribombee,"Bug,Fairy",464,60,55,60,95,70,124
images/rockruff.jpg,744,Rockruff,Rock,280,45,65,40,30,40,60
images/rockruff.jpg,744,Rockruff Own Tempo Rockruff,Rock,280,45,65,40,30,40,60
images/lycanroc-midday.jpg,745,Lycanroc Midday Form,Rock,487,75,115,65,55,65,112
images/lycanroc-midnight.jpg,745,Lycanroc Midnight Form,Rock,487,85,115,75,55,75,82
images/lycanroc-dusk.jpg,745,Lycanroc Dusk Form,Rock,487,75,117,65,55,65,110
images/wishiwashi-solo.jpg,746,Wishiwashi Solo Form,Water,175,45,20,20,25,25,40
images/wishiwashi-school.jpg,746,Wishiwashi School Form,Water,620,45,140,130,140,135,30
images/mareanie.jpg,747,Mareanie,"Poison,Water",305,50,53,62,43,52,45
images/toxapex.jpg,748,Toxapex,"Poison,Water",495,50,63,152,53,142,35
images/mudbray.jpg,749,Mudbray,Ground,385,70,100,70,45,55,45
images/mudsdale.jpg,750,Mudsdale,Ground,500,100,125,100,55,85,35
images/dewpider.jpg,751,Dewpider,"Water,Bug",269,38,40,52,40,72,27
images/araquanid.jpg,752,Araquanid,"Water,Bug",454,68,70,92,50,132,42
images/fomantis.jpg,753,Fomantis,Grass,250,40,55,35,50,35,35
images/lurantis.jpg,754,Lurantis,Grass,480,70,105,90,80,90,45
images/morelull.jpg,755,Morelull,"Grass,Fairy",285,40,35,55,65,75,15
images/shiinotic.jpg,756,Shiinotic,"Grass,Fairy",405,60,45,80,90,100,30
images/salandit.jpg,757,Salandit,"Poison,Fire",320,48,44,40,71,40,77
images/salazzle.jpg,758,Salazzle,"Poison,Fire",480,68,64,60,111,60,117
images/stufful.jpg,759,Stufful,"Normal,Fighting",340,70,75,50,45,50,50
images/bewear.jpg,760,Bewear,"Normal,Fighting",500,120,125,80,55,60,60
images/bounsweet.jpg,761,Bounsweet,Grass,210,42,30,38,30,38,32
images/steenee.jpg,762,Steenee,Grass,290,52,40,48,40,48,62
images/tsareena.jpg,763,Tsareena,Grass,510,72,120,98,50,98,72
images/comfey.jpg,764,Comfey,Fairy,485,51,52,90,82,110,100
images/oranguru.jpg,765,Oranguru,"Normal,Psychic",490,90,60,80,90,110,60
images/passimian.jpg,766,Passimian,Fighting,490,100,120,90,40,60,80
images/wimpod.jpg,767,Wimpod,"Bug,Water",230,25,35,40,20,30,80
images/golisopod.jpg,768,Golisopod,"Bug,Water",530,75,125,140,60,90,40
images/sandygast.jpg,769,Sandygast,"Ghost,Ground",320,55,55,80,70,45,15
images/palossand.jpg,770,Palossand,"Ghost,Ground",480,85,75,110,100,75,35
images/pyukumuku.jpg,771,Pyukumuku,Water,410,55,60,130,30,130,5
images/type-null.jpg,772,Type: Null,Normal,534,95,95,95,95,95,59
images/silvally.jpg,773,Silvally,Normal,570,95,95,95,95,95,95
images/minior-meteor.jpg,774,Minior Meteor Form,"Rock,Flying",440,60,60,100,60,100,60
images/minior-core.jpg,774,Minior Core Form,"Rock,Flying",500,60,100,60,100,60,120
images/komala.jpg,775,Komala,Normal,480,65,115,65,75,95,65
images/turtonator.jpg,776,Turtonator,"Fire,Dragon",485,60,78,135,91,85,36
images/togedemaru.jpg,777,Togedemaru,"Electric,Steel",435,65,98,63,40,73,96
images/mimikyu.jpg,778,Mimikyu,"Ghost,Fairy",476,55,90,80,50,105,96
images/bruxish.jpg,779,Bruxish,"Water,Psychic",475,68,105,70,70,70,92
images/drampa.jpg,780,Drampa,"Normal,Dragon",485,78,60,85,135,91,36
images/dhelmise.jpg,781,Dhelmise,"Ghost,Grass",517,70,131,100,86,90,40
images/jangmo-o.jpg,782,Jangmo-o-o,Dragon,300,45,55,65,45,45,45
images/hakamo-o.jpg,783,Hakamo-o-o,"Dragon,Fighting",420,55,75,90,65,70,65
images/kommo-o.jpg,784,Kommo-o-o,"Dragon,Fighting",600,75,110,125,100,105,85
images/tapu-koko.jpg,785,Tapu Koko,"Electric,Fairy",570,70,115,85,95,75,130
images/tapu-lele.jpg,786,Tapu Lele,"Psychic,Fairy",570,70,85,75,130,115,95
images/tapu-bulu.jpg,787,Tapu Bulu,"Grass,Fairy",570,70,130,115,85,95,75
images/tapu-fini.jpg,788,Tapu Fini,"Water,Fairy",570,70,75,115,95,130,85
images/cosmog.jpg,789,Cosmog,Psychic,200,43,29,31,29,31,37
images/cosmoem.jpg,790,Cosmoem,Psychic,400,43,29,131,29,131,37
images/solgaleo.jpg,791,Solgaleo,"Psychic,Steel",680,137,137,107,113,89,97
images/lunala.jpg,792,Lunala,"Psychic,Ghost",680,137,113,89,137,107,97
images/nihilego.jpg,793,Nihilego,"Rock,Poison",570,109,53,47,127,131,103
images/buzzwole.jpg,794,Buzzwole,"Bug,Fighting",570,107,139,139,53,53,79
images/pheromosa.jpg,795,Pheromosa,"Bug,Fighting",570,71,137,37,137,37,151
images/xurkitree.jpg,796,Xurkitree,Electric,570,83,89,71,173,71,83
images/celesteela.jpg,797,Celesteela,"Steel,Flying",570,97,101,103,107,101,61
images/kartana.jpg,798,Kartana,"Grass,Steel",570,59,181,131,59,31,109
images/guzzlord.jpg,799,Guzzlord,"Dark,Dragon",570,223,101,53,97,53,43
images/necrozma.jpg,800,Necrozma,Psychic,600,97,107,101,127,89,79
images/necrozma-dusk-mane.jpg,800,Necrozma Dusk Mane,"Psychic,Steel",680,97,157,127,113,109,77
images/necrozma-dawn-wings.jpg,800,Necrozma Dawn Wings,"Psychic,Ghost",680,97,113,109,157,127,77
images/necrozma-ultra.jpg,800,Necrozma Ultra,"Psychic,Dragon",754,97,167,97,167,97,129
images/magearna.jpg,801,Magearna,"Steel,Fairy",600,80,95,115,130,115,65
images/marshadow.jpg,802,Marshadow,"Fighting,Ghost",600,90,125,80,90,90,125
images/poipole.jpg,803,Poipole,Poison,420,67,73,67,73,67,73
images/naganadel.jpg,804,Naganadel,"Poison,Dragon",540,73,73,73,127,73,121
images/stakataka.jpg,805,Stakataka,"Rock,Steel",570,61,131,211,53,101,13
images/blacephalon.jpg,806,Blacephalon,"Fire,Ghost",570,53,127,53,151,79,107
images/zeraora.jpg,807,Zeraora,Electric,600,88,112,75,102,80,143
images/meltan.jpg,808,Meltan,Steel,300,46,65,65,55,35,34
images/melmetal.jpg,809,Melmetal,Steel,600,135,143,143,80,65,34
images/grookey.jpg,810,Grookey,Grass,310,50,65,50,40,40,65
images/thwackey.jpg,811,Thwackey,Grass,420,70,85,70,55,60,80
images/rillaboom.jpg,812,Rillaboom,Grass,530,100,125,90,60,70,85
images/scorbunny.jpg,813,Scorbunny,Fire,310,50,71,40,40,40,69
images/raboot.jpg,814,Raboot,Fire,420,65,86,60,55,60,94
images/cinderace.jpg,815,Cinderace,Fire,530,80,116,75,65,75,119
images/sobble.jpg,816,Sobble,Water,310,50,40,40,70,40,70
images/drizzile.jpg,817,Drizzile,Water,420,65,60,55,95,55,90
images/inteleon.jpg,818,Inteleon,Water,530,70,85,65,125,65,120
images/skwovet.jpg,819,Skwovet,Normal,275,70,55,55,35,35,25
images/greedent.jpg,820,Greedent,Normal,460,120,95,95,55,75,20
images/rookidee.jpg,821,Rookidee,Flying,245,38,47,35,33,35,57
images/corvisquire.jpg,822,Corvisquire,Flying,365,68,67,55,43,55,77
images/corviknight.jpg,823,Corviknight,"Flying,Steel",495,98,87,105,53,85,67
images/blipbug.jpg,824,Blipbug,Bug,180,25,20,20,25,45,45
images/dottler.jpg,825,Dottler,"Bug,Psychic",335,50,35,80,50,90,30
images/orbeetle.jpg,826,Orbeetle,"Bug,Psychic",505,60,45,110,80,120,90
images/nickit.jpg,827,Nickit,Dark,245,40,28,28,47,52,50
images/thievul.jpg,828,Thievul,Dark,455,70,58,58,87,92,90
images/gossifleur.jpg,829,Gossifleur,Grass,250,40,40,60,40,60,10
images/eldegoss.jpg,830,Eldegoss,Grass,460,60,50,90,80,120,60
images/wooloo.jpg,831,Wooloo,Normal,270,42,40,55,40,45,48
images/dubwool.jpg,832,Dubwool,Normal,490,72,80,100,60,90,88
images/chewtle.jpg,833,Chewtle,Water,284,50,64,50,38,38,44
images/drednaw.jpg,834,Drednaw,"Water,Rock",485,90,115,90,48,68,74
images/yamper.jpg,835,Yamper,Electric,270,59,45,50,40,50,26
images/boltund.jpg,836,Boltund,Electric,490,69,90,60,90,60,121
images/rolycoly.jpg,837,Rolycoly,Rock,240,30,40,50,40,50,30
images/carkol.jpg,838,Carkol,"Rock,Fire",410,80,60,90,60,70,50
images/coalossal.jpg,839,Coalossal,"Rock,Fire",510,110,80,120,80,90,30
images/applin.jpg,840,Applin,"Grass,Dragon",260,40,40,80,40,40,20
images/flapple.jpg,841,Flapple,"Grass,Dragon",485,70,110,80,95,60,70
images/appletun.jpg,842,Appletun,"Grass,Dragon",485,110,85,80,100,80,30
images/silicobra.jpg,843,Silicobra,Ground,315,52,57,75,35,50,46
images/sandaconda.jpg,844,Sandaconda,Ground,510,72,107,125,65,70,71
images/cramorant.jpg,845,Cramorant,"Flying,Water",475,70,85,55,85,95,85
images/arrokuda.jpg,846,Arrokuda,Water,280,41,63,40,40,30,66
images/barraskewda.jpg,847,Barraskewda,Water,490,61,123,60,60,50,136
images/toxel.jpg,848,Toxel,"Electric,Poison",242,40,38,35,54,35,40
images/toxtricity-amped.jpg,849,Toxtricity Amped Form,"Electric,Poison",502,75,98,70,114,70,75
images/toxtricity-low-key.jpg,849,Toxtricity Low Key Form,"Electric,Poison",502,75,98,70,114,70,75
images/sizzlipede.jpg,850,Sizzlipede,"Fire,Bug",305,50,65,45,50,50,45
images/centiskorch.jpg,851,Centiskorch,"Fire,Bug",525,100,115,65,90,90,65
images/clobbopus.jpg,852,Clobbopus,Fighting,310,50,68,60,50,50,32
images/grapploct.jpg,853,Grapploct,Fighting,480,80,118,90,70,80,42
images/sinistea.jpg,854,Sinistea,Ghost,308,40,45,45,74,54,50
images/polteageist.jpg,855,Polteageist,Ghost,508,60,65,65,134,114,70
images/hatenna.jpg,856,Hatenna,Psychic,265,42,30,45,56,53,39
images/hattrem.jpg,857,Hattrem,Psychic,370,57,40,65,86,73,49
images/hatterene.jpg,858,Hatterene,"Psychic,Fairy",510,57,90,95,136,103,29
images/impidimp.jpg,859,Impidimp,"Dark,Fairy",265,45,45,30,55,40,50
images/morgrem.jpg,860,Morgrem,"Dark,Fairy",370,65,60,45,75,55,70
images/grimmsnarl.jpg,861,Grimmsnarl,"Dark,Fairy",510,95,120,65,95,75,60
images/obstagoon.jpg,862,Obstagoon,"Dark,Normal",520,93,90,101,60,81,95
images/perrserker.jpg,863,Perrserker,Steel,440,70,110,100,50,60,50
images/cursola.jpg,864,Cursola,Ghost,510,60,95,50,145,130,30
images/sirfetchd.jpg,865,Sirfetch'd'd,Fighting,507,62,135,95,68,82,65
images/mr-rime.jpg,866,Mr. Rime,"Ice,Psychic",520,80,85,75,110,100,70
images/runerigus.jpg,867,Runerigus,"Ground,Ghost",483,58,95,145,50,105,30
images/milcery.jpg,868,Milcery,Fairy,270,45,40,40,50,61,34
images/alcremie.jpg,869,Alcremie,Fairy,495,65,60,75,110,121,64
images/falinks.jpg,870,Falinks,Fighting,470,65,100,100,70,60,75
images/pincurchin.jpg,871,Pincurchin,Electric,435,48,101,95,91,85,15
images/snom.jpg,872,Snom,"Ice,Bug",185,30,25,35,45,30,20
images/frosmoth.jpg,873,Frosmoth,"Ice,Bug",475,70,65,60,125,90,65
images/stonjourner.jpg,874,Stonjourner,Rock,470,100,125,135,20,20,70
images/eiscue-ice.jpg,875,Eiscue Ice Face,Ice,470,75,80,110,65,90,50
images/eiscue-noice.jpg,875,Eiscue Noice Face,Ice,470,75,80,70,65,50,130
images/indeedee-male.jpg,876,Indeedee Male,"Psychic,Normal",475,60,65,55,105,95,95
images/indeedee-female.jpg,876,Indeedee Female,"Psychic,Normal",475,70,55,65,95,105,85
images/morpeko-full-belly.jpg,877,Morpeko Full Belly Mode,"Electric,Dark",436,58,95,58,70,58,97
images/morpeko-hangry.jpg,877,Morpeko Hangry Mode,"Electric,Dark",436,58,95,58,70,58,97
images/cufant.jpg,878,Cufant,Steel,330,72,80,49,40,49,40
images/copperajah.jpg,879,Copperajah,Steel,500,122,130,69,80,69,30
images/dracozolt.jpg,880,Dracozolt,"Electric,Dragon",505,90,100,90,80,70,75
images/arctozolt.jpg,881,Arctozolt,"Electric,Ice",505,90,100,90,90,80,55
images/dracovish.jpg,882,Dracovish,"Water,Dragon",505,90,90,100,70,80,75
images/arctovish.jpg,883,Arctovish,"Water,Ice",505,90,90,100,80,90,55
images/duraludon.jpg,884,Duraludon,"Steel,Dragon",535,70,95,115,120,50,85
images/dreepy.jpg,885,Dreepy,"Dragon,Ghost",270,28,60,30,40,30,82
images/drakloak.jpg,886,Drakloak,"Dragon,Ghost",410,68,80,50,60,50,102
images/dragapult.jpg,887,Dragapult,"Dragon,Ghost",600,88,120,75,100,75,142
images/zacian-hero.jpg,888,Zacian Hero of Many Battles ,Fairy,660,92,120,115,80,115,138
images/zacian-crowned.jpg,888,Zacian Crowned Sword,"Fairy,Steel",700,92,150,115,80,115,148
images/zamazenta-hero.jpg,889,Zamazenta Hero of Many Battles,Fighting,660,92,120,115,80,115,138
images/zamazenta-crowned.jpg,889,Zamazenta Crowned Shield,"Fighting,Steel",700,92,120,140,80,140,128
images/eternatus.jpg,890,Eternatus,"Poison,Dragon",690,140,85,95,145,95,130
images/eternatus-eternamax.jpg,890,Eternatus Eternamax,"Poison,Dragon",1125,255,115,250,125,250,130
images/kubfu.jpg,891,Kubfu,Fighting,385,60,90,60,53,50,72
images/urshifu-single-strike.jpg,892,Urshifu Single Strike Style,"Fighting,Dark",550,100,130,100,63,60,97
images/urshifu-rapid-strike.jpg,892,Urshifu Rapid Strike Style,"Fighting,Water",550,100,130,100,63,60,97
images/zarude.jpg,893,Zarude,"Dark,Grass",600,105,120,105,70,95,105
images/regieleki.jpg,894,Regieleki,Electric,580,80,100,50,100,50,200
images/regidrago.jpg,895,Regidrago,Dragon,580,200,100,50,100,50,80
images/glastrier.jpg,896,Glastrier,Ice,580,100,145,130,65,110,30
images/spectrier.jpg,897,Spectrier,Ghost,580,100,65,60,145,80,130
images/calyrex.jpg,898,Calyrex,"Psychic,Grass",500,100,80,80,80,80,80
images/calyrex-ice-rider.jpg,898,Calyrex IceRider,"Psychic,Ice",680,100,165,150,85,130,50
images/calyrex-shadow-rider.jpg,898,Calyrex Shadow Rider,"Psychic,Ghost",680,100,85,80,165,100,150
images/wyrdeer.jpg,899,Wyrdeer,"Normal,Psychic",525,103,105,72,105,75,65
images/kleavor.jpg,900,Kleavor,"Bug,Rock",500,70,130,95,45,75,85
images/ursaluna.jpg,901,Ursaluna,"Ground,Normal",550,130,140,105,45,80,50
images/basculegion-male.jpg,902,Basculegion Male,"Water,Ghost",530,120,112,65,80,75,78
images/basculegion-female.jpg,902,Basculegion Female,"Water,Ghost",530,120,92,65,100,75,78
images/sneasler.jpg,903,Sneasler,"Poison,Fighting",510,80,130,60,40,80,120
images/overqwil.jpg,904,Overqwil,"Dark,Poison",510,85,115,95,65,65,85
images/enamorus-incarnate.jpg,905,Enamorus Incarnate Forme,"Fairy,Flying",580,74,115,70,135,80,106
images/enamorus-therian.jpg,905,Enamorus Therian Forme,"Fairy,Flying",580,74,115,110,135,100,46
images/sprigatito.jpg,906,Sprigatito,Grass,310,40,61,54,45,45,65
images/floragato.jpg,907,Floragato,Grass,410,61,80,63,60,63,83
images/meowscarada.jpg,908,Meowscarada,"Grass,Dark",530,76,110,70,81,70,123
images/fuecoco.jpg,909,Fuecoco,Fire,310,67,45,59,63,40,36
images/crocalor.jpg,910,Crocalor,Fire,411,81,55,78,90,58,49
images/skeledirge.jpg,911,Skeledirge,"Fire,Ghost",530,104,75,100,110,75,66
images/quaxly.jpg,912,Quaxly,Water,310,55,65,45,50,45,50
images/quaxwell.jpg,913,Quaxwell,Water,410,70,85,65,65,60,65
images/quaquaval.jpg,914,Quaquaval,"Water,Fighting",530,85,120,80,85,75,85
images/lechonk.jpg,915,Lechonk,Normal,254,54,45,40,35,45,35
images/oinkologne-male.jpg,916,Oinkologne Male,Normal,489,110,100,75,59,80,65
images/oinkologne-female.jpg,916,Oinkologne Female,Normal,489,115,90,70,59,90,65
images/tarountula.jpg,917,Tarountula,Bug,210,35,41,45,29,40,20
images/spidops.jpg,918,Spidops,Bug,404,60,79,92,52,86,35
images/nymble.jpg,919,Nymble,Bug,210,33,46,40,21,25,45
images/lokix.jpg,920,Lokix,"Bug,Dark",450,71,102,78,52,55,92
images/pawmi.jpg,921,Pawmi,Electric,240,45,50,20,40,25,60
images/pawmo.jpg,922,Pawmo,"Electric,Fighting",350,60,75,40,50,40,85
images/pawmot.jpg,923,Pawmot,"Electric,Fighting",490,70,115,70,70,60,105
images/tandemaus.jpg,924,Tandemaus,Normal,305,50,50,45,40,45,75
images/maushold-family3.jpg,925,Maushold Family of Three,Normal,470,74,75,70,65,75,111
images/maushold-family4.jpg,925,Maushold Family of Four,Normal,470,74,75,70,65,75,111
images/fidough.jpg,926,Fidough,Fairy,312,37,55,70,30,55,65
images/dachsbun.jpg,927,Dachsbun,Fairy,477,57,80,115,50,80,95
images/smoliv.jpg,928,Smoliv,"Grass,Normal",260,41,35,45,58,51,30
images/dolliv.jpg,929,Dolliv,"Grass,Normal",354,52,53,60,78,78,33
images/arboliva.jpg,930,Arboliva,"Grass,Normal",510,78,69,90,125,109,39
images/squawkabilly-green.jpg,931,Squawkabilly Green Plumage ,"Normal,Flying",417,82,96,51,45,51,92
images/squawkabilly-blue.jpg,931,Squawkabilly Blue Plumage ,"Normal,Flying",417,82,96,51,45,51,92
images/squawkabilly-yellow.jpg,931,Squawkabilly Yellow Plumage,"Normal,Flying",417,82,96,51,45,51,92
images/squawkabilly-white.jpg,931,Squawkabilly White Plumage,"Normal,Flying",417,82,96,51,45,51,92
images/nacli.jpg,932,Nacli,Rock,280,55,55,75,35,35,25
images/naclstack.jpg,933,Naclstack,Rock,355,60,60,100,35,65,35
images/garganacl.jpg,934,Garganacl,Rock,500,100,100,130,45,90,35
images/charcadet.jpg,935,Charcadet,Fire,255,40,50,40,50,40,35
images/armarouge.jpg,936,Armarouge,"Fire,Psychic",525,85,60,100,125,80,75
images/ceruledge.jpg,937,Ceruledge,"Fire,Ghost",525,75,125,80,60,100,85
images/tadbulb.jpg,938,Tadbulb,Electric,272,61,31,41,59,35,45
images/bellibolt.jpg,939,Bellibolt,Electric,495,109,64,91,103,83,45
images/wattrel.jpg,940,Wattrel,"Electric,Flying",280,40,40,35,55,40,70
images/kilowattrel.jpg,941,Kilowattrel,"Electric,Flying",490,70,70,60,105,60,125
images/maschiff.jpg,942,Maschiff,Dark,340,60,78,60,40,51,51
images/mabosstiff.jpg,943,Mabosstiff,Dark,505,80,120,90,60,70,85
images/shroodle.jpg,944,Shroodle,"Poison,Normal",290,40,65,35,40,35,75
images/grafaiai.jpg,945,Grafaiai,"Poison,Normal",485,63,95,65,80,72,110
images/bramblin.jpg,946,Bramblin,"Grass,Ghost",275,40,65,30,45,35,60
images/brambleghast.jpg,947,Brambleghast,"Grass,Ghost",480,55,115,70,80,70,90
images/toedscool.jpg,948,Toedscool,"Ground,Grass",335,40,40,35,50,100,70
images/toedscruel.jpg,949,Toedscruel,"Ground,Grass",515,80,70,65,80,120,100
images/klawf.jpg,950,Klawf,Rock,450,70,100,115,35,55,75
images/capsakid.jpg,951,Capsakid,Grass,304,50,62,40,62,40,50
images/scovillain.jpg,952,Scovillain,"Grass,Fire",486,65,108,65,108,65,75
images/rellor.jpg,953,Rellor,Bug,270,41,50,60,31,58,30
images/rabsca.jpg,954,Rabsca,"Bug,Psychic",470,75,50,85,115,100,45
images/flittle.jpg,955,Flittle,Psychic,255,30,35,30,55,30,75
images/espathra.jpg,956,Espathra,Psychic,481,95,60,60,101,60,105
images/tinkatink.jpg,957,Tinkatink,"Fairy,Steel",297,50,45,45,35,64,58
images/tinkatuff.jpg,958,Tinkatuff,"Fairy,Steel",380,65,55,55,45,82,78
images/tinkaton.jpg,959,Tinkaton,"Fairy,Steel",506,85,75,77,70,105,94
images/wiglett.jpg,960,Wiglett,Water,245,10,55,25,35,25,95
images/wugtrio.jpg,961,Wugtrio,Water,425,35,100,50,50,70,120
images/bombirdier.jpg,962,Bombirdier,"Flying,Dark",485,70,103,85,60,85,82
images/finizen.jpg,963,Finizen,Water,315,70,45,40,45,40,75
images/palafin-zero.jpg,964,Palafin Zero Form,Water,457,100,70,72,53,62,100
images/palafin-hero.jpg,964,Palafin Hero Form,Water,650,100,160,97,106,87,100
images/varoom.jpg,965,Varoom,"Steel,Poison",300,45,70,63,30,45,47
images/revavroom.jpg,966,Revavroom,"Steel,Poison",500,80,119,90,54,67,90
images/cyclizar.jpg,967,Cyclizar,"Dragon,Normal",501,70,95,65,85,65,121
images/orthworm.jpg,968,Orthworm,Steel,480,70,85,145,60,55,65
images/glimmet.jpg,969,Glimmet,"Rock,Poison",350,48,35,42,105,60,60
images/glimmora.jpg,970,Glimmora,"Rock,Poison",525,83,55,90,130,81,86
images/greavard.jpg,971,Greavard,Ghost,290,50,61,60,30,55,34
images/houndstone.jpg,972,Houndstone,Ghost,488,72,101,100,50,97,68
images/flamigo.jpg,973,Flamigo,"Flying,Fighting",500,82,115,74,75,64,90
images/cetoddle.jpg,974,Cetoddle,Ice,334,108,68,45,30,40,43
images/cetitan.jpg,975,Cetitan,Ice,521,170,113,65,45,55,73
images/veluza.jpg,976,Veluza,"Water,Psychic",478,90,102,73,78,65,70
images/dondozo.jpg,977,Dondozo,Water,530,150,100,115,65,65,35
images/tatsugiri.jpg,978,Tatsugiri,"Dragon,Water",475,68,50,60,120,95,82
images/annihilape.jpg,979,Annihilape,"Fighting,Ghost",535,110,115,80,50,90,90
images/clodsire.jpg,980,Clodsire,"Poison,Ground",430,130,75,60,45,100,20
images/farigiraf.jpg,981,Farigiraf,"Normal,Psychic",520,120,90,70,110,70,60
images/dudunsparce-two-segment.jpg,982,Dudunsparce Two-Segment Form,Normal,520,125,100,80,85,75,55
images/dudunsparce-three-segment.jpg,982,Dudunsparce Three-Segment Form,Normal,520,125,100,80,85,75,55
images/kingambit.jpg,983,Kingambit,"Dark,Steel",550,100,135,120,60,85,50
images/great-tusk.jpg,984,Great Tusk,"Ground,Fighting",570,115,131,131,53,53,87
images/scream-tail.jpg,985,Scream Tail,"Fairy,Psychic",570,115,65,99,65,115,111
images/brute-bonnet.jpg,986,Brute Bonnet,"Grass,Dark",570,111,127,99,79,99,55
images/flutter-mane.jpg,987,Flutter Mane,"Ghost,Fairy",570,55,55,55,135,135,135
images/slither-wing.jpg,988,Slither Wing,"Bug,Fighting",570,85,135,79,85,105,81
images/sandy-shocks.jpg,989,Sandy Shocks,"Electric,Ground",570,85,81,97,121,85,101
images/iron-treads.jpg,990,Iron Treads,"Ground,Steel",570,90,112,120,72,70,106
images/iron-bundle.jpg,991,Iron Bundle,"Ice,Water",570,56,80,114,124,60,136
images/iron-hands.jpg,992,Iron Hands,"Fighting,Electric",570,154,140,108,50,68,50
images/iron-jugulis.jpg,993,Iron Jugulis,"Dark,Flying",570,94,80,86,122,80,108
images/iron-moth.jpg,994,Iron Moth,"Fire,Poison",570,80,70,60,140,110,110
images/iron-thorns.jpg,995,Iron Thorns,"Rock,Electric",570,100,134,110,70,84,72
images/frigibax.jpg,996,Frigibax,"Dragon,Ice",320,65,75,45,35,45,55
images/arctibax.jpg,997,Arctibax,"Dragon,Ice",423,90,95,66,45,65,62
images/baxcalibur.jpg,998,Baxcalibur,"Dragon,Ice",600,115,145,92,75,86,87
images/gimmighoul-chest.jpg,999,Gimmighoul Chest Form ,Ghost,300,45,30,70,75,70,10
images/gimmighoul-roaming.jpg,999,Gimmighoul Roaming Form ,Ghost,300,45,30,25,75,45,80
images/gholdengo.jpg,1000,Gholdengo,"Steel,Ghost",550,87,60,95,133,91,84
images/wo-chien.jpg,1001,Wo-Chien-Chien,"Dark,Grass",570,85,85,100,95,135,70
images/chien-pao.jpg,1002,Chien-Pao-Pao,"Dark,Ice",570,80,120,80,90,65,135
images/ting-lu.jpg,1003,Ting-Lu-Lu,"Dark,Ground",570,155,110,125,55,80,45
images/chi-yu.jpg,1004,Chi-Yu-Yu,"Dark,Fire",570,55,80,80,135,120,100
images/roaring-moon.jpg,1005,Roaring Moon,"Dragon,Dark",590,105,139,71,55,101,119
images/iron-valiant.jpg,1006,Iron Vailant,"Fairy,Fighting ",590,74,130,90,120,60,116
images/koraidon.jpg,1007,Koraidon,"Fighting,Dragon",670,100,135,115,85,100,135
images/miraidon.jpg,1008,Miraidon,"Electric,Dragon",670,100,85,100,135,115,135
